envio_id,fecha_despacho,transportista_id,ciudad_origen,ciudad_destino,peso_kg,costo_envio,estado,dias_transito
1,2026-08-04,326,Ciudad de México,Medellín,497.0,1528.58,En tránsito,8
2,2025-07-01,308,Montevideo,Medellín,38.7,3686.1,Retrasado,3
3,2025-05-16,324,Santiago,Bogotá,496.7,440.32,En tránsito,8
4,2026-04-21,319,Quito,Medellín,93.8,5299.31,Entregado,11
5,2025-07-21,326,San José,Bogotá,454.6,2696.04,Devuelto,7
6,2025-08-09,304,Córdoba,Quito,568.6,1855.77,Entregado,14
7,2025-07-19,328,Bogotá,Medellín,559.7,3838.8,Devuelto,1
8,2025-10-05,309,Guadalajara,Quito,468.2,1125.07,Devuelto,17
9,2025-09-28,310,San José,Lima,824.0,1554.21,Retrasado,18
10,2026-03-27,317,Lima,San José,106.3,4559.14,En tránsito,16
11,2026-04-27,301,Monterrey,Córdoba,471.3,1138.47,Devuelto,10
12,2026-07-06,304,Medellín,Monterrey,781.5,1226.09,Entregado,8
13,2025-11-09,307,Lima,Córdoba,304.4,3219.97,Entregado,10
14,2026-08-08,330,Quito,Santiago,638.5,1996.69,En tránsito,13
15,2025-06-10,326,Buenos Aires,Montevideo,309.7,3137.48,Devuelto,14
16,2025-08-23,325,Montevideo,Lima,886.2,2874.13,Retrasado,12
17,2025-12-29,305,Lima,Monterrey,787.9,1946.85,Retrasado,14
18,2025-01-06,319,Guadalajara,Montevideo,724.2,2472.16,Devuelto,12
19,2025-10-08,321,Buenos Aires,Medellín,19.0,4249.69,En tránsito,9
20,2025-11-26,310,Monterrey,Ciudad de México,406.4,2343.85,En tránsito,7
21,2025-10-08,320,Córdoba,Medellín,101.9,1519.38,Retrasado,16
22,2025-02-17,324,Quito,Medellín,742.3,2389.17,Devuelto,8
23,2026-01-20,309,Quito,Montevideo,56.8,412.2,Retrasado,9
24,2025-10-19,318,Monterrey,Medellín,105.9,874.97,Entregado,11
25,2025-06-05,325,Montevideo,Guadalajara,830.3,3571.67,En tránsito,18
26,2025-12-02,303,Medellín,Santiago,544.3,4595.7,Retrasado,18
27,2025-05-24,317,Lima,Ciudad de México,733.6,482.58,Retrasado,12
28,2025-07-08,329,Medellín,Santiago,305.5,1427.88,Retrasado,11
29,2025-09-19,307,San José,Lima,573.6,5601.47,En tránsito,4
30,2026-02-10,321,Guadalajara,Montevideo,765.9,4804.73,Entregado,17
31,2026-03-24,312,Ciudad de México,Quito,945.9,5761.95,Retrasado,18
32,2025-12-08,316,Lima,Quito,602.8,4427.85,Entregado,18
33,2025-06-12,325,Bogotá,Córdoba,758.8,5090.09,Entregado,15
34,2025-03-16,320,San José,Santiago,728.9,2631.2,Retrasado,15
35,2025-12-05,315,Montevideo,Buenos Aires,69.8,3915.21,Retrasado,15
36,2025-01-22,317,Montevideo,Guadalajara,381.7,1819.38,Devuelto,1
37,2026-03-14,301,Santiago,Monterrey,143.4,5145.0,Retrasado,18
38,2025-07-25,315,San José,Montevideo,731.5,3480.68,Retrasado,5
39,2025-11-12,307,Buenos Aires,Santiago,172.9,235.25,Entregado,5
40,2025-12-02,318,Monterrey,Bogotá,827.1,5576.52,En tránsito,7
41,2025-10-05,310,Buenos Aires,Guadalajara,221.7,5525.68,Retrasado,1
42,2026-01-20,305,Medellín,Bogotá,24.6,5215.79,En tránsito,13
43,2026-02-13,302,Medellín,Montevideo,189.1,4644.22,Entregado,3
44,2026-06-13,306,Córdoba,Quito,116.1,4559.11,Entregado,16
45,2025-11-21,324,Quito,Monterrey,394.7,1325.14,Entregado,17
46,2026-06-05,312,Medellín,Lima,106.8,2785.17,Entregado,13
47,2025-04-13,326,Guadalajara,Montevideo,337.3,5678.73,Entregado,14
48,2025-08-23,328,San José,Lima,949.7,579.95,Devuelto,16
49,2025-11-28,301,Lima,San José,43.6,5096.7,En tránsito,1
50,2025-05-24,305,Córdoba,Buenos Aires,660.5,4592.74,Entregado,7
51,2025-10-28,328,Montevideo,San José,353.4,2536.07,En tránsito,14
52,2025-06-05,306,Buenos Aires,Córdoba,705.0,4877.09,En tránsito,12
53,2025-01-31,329,Bogotá,Buenos Aires,472.9,1891.9,Retrasado,9
54,2025-01-27,320,Monterrey,Ciudad de México,315.3,5341.82,Entregado,5
55,2026-07-07,330,Guadalajara,Ciudad de México,358.5,3623.16,En tránsito,6
56,2025-08-17,304,Ciudad de México,Monterrey,88.0,5930.09,Entregado,16
57,2026-03-27,315,Guadalajara,Córdoba,128.1,3651.36,Entregado,10
58,2025-05-12,316,Medellín,Lima,307.1,3276.72,Entregado,16
59,2025-07-20,316,Montevideo,Quito,120.0,3127.23,En tránsito,8
60,2026-02-18,322,Bogotá,Montevideo,268.5,3720.89,En tránsito,8
61,2025-11-05,309,Buenos Aires,San José,312.5,5845.82,Retrasado,5
62,2025-05-29,311,Guadalajara,Monterrey,550.6,5612.98,Entregado,13
63,2025-07-06,321,Ciudad de México,Santiago,14.1,3837.01,En tránsito,6
64,2026-08-09,313,Monterrey,Ciudad de México,457.0,5157.47,En tránsito,13
65,2025-09-27,315,Santiago,Medellín,518.8,777.49,Retrasado,17
66,2025-07-10,330,Monterrey,Montevideo,242.9,4857.37,Devuelto,18
67,2025-12-17,315,San José,Bogotá,725.2,1636.15,Retrasado,14
68,2025-05-10,321,Ciudad de México,Córdoba,90.3,5852.52,Entregado,4
69,2025-05-10,318,Montevideo,Lima,829.7,1897.62,Devuelto,18
70,2026-02-12,303,Córdoba,Buenos Aires,779.1,5322.9,En tránsito,5
71,2025-01-18,327,San José,Santiago,189.1,4488.01,En tránsito,17
72,2026-01-07,317,Ciudad de México,Córdoba,512.7,4186.67,En tránsito,12
73,2025-06-19,306,Bogotá,San José,603.3,5164.93,En tránsito,5
74,2025-07-27,318,Quito,Guadalajara,264.9,5757.62,Devuelto,10
75,2026-05-03,313,Córdoba,Guadalajara,444.9,885.83,Retrasado,1
76,2025-11-16,303,Lima,Córdoba,198.7,4422.09,Entregado,2
77,2025-05-28,325,Guadalajara,Buenos Aires,457.1,1028.7,En tránsito,13
78,2026-03-06,326,Buenos Aires,San José,371.8,1224.76,Retrasado,3
79,2026-02-16,308,Lima,Buenos Aires,117.7,4458.76,En tránsito,7
80,2025-10-10,315,Buenos Aires,San José,722.7,143.75,Entregado,17
81,2026-04-28,310,Córdoba,Bogotá,221.0,2674.57,Entregado,18
82,2025-06-07,324,Quito,Medellín,67.3,5875.64,Retrasado,9
83,2025-04-26,302,Guadalajara,Lima,595.7,2601.39,En tránsito,16
84,2026-06-20,325,Lima,Santiago,98.3,5985.82,Retrasado,8
85,2026-03-19,328,San José,Medellín,400.9,3857.31,Retrasado,9
86,2026-06-05,329,Lima,San José,312.7,4028.51,Retrasado,12
87,2026-05-13,303,Ciudad de México,Bogotá,231.0,3010.26,Devuelto,9
88,2026-07-29,304,Montevideo,Medellín,576.5,3428.47,Devuelto,2
89,2025-04-11,320,Bogotá,Quito,547.1,775.44,En tránsito,12
90,2026-03-08,319,San José,Quito,774.6,4332.27,Entregado,12
91,2026-08-11,321,Medellín,Montevideo,820.3,300.68,Devuelto,14
92,2026-08-04,322,Ciudad de México,Santiago,172.1,3812.69,Retrasado,4
93,2026-04-13,310,Guadalajara,Ciudad de México,807.0,1580.8,Retrasado,12
94,2025-02-18,308,Lima,Medellín,308.6,4218.7,Retrasado,6
95,2025-11-26,307,Córdoba,Montevideo,703.8,4539.65,En tránsito,16
96,2025-12-27,328,Bogotá,Monterrey,585.8,4459.97,En tránsito,11
97,2025-04-03,327,Lima,Bogotá,607.7,1932.51,Devuelto,6
98,2025-09-29,325,Guadalajara,Santiago,813.2,2953.81,Retrasado,15
99,2025-06-22,329,Monterrey,Buenos Aires,307.0,739.97,Retrasado,17
100,2025-10-31,323,San José,Córdoba,719.1,3266.47,Devuelto,3
101,2026-02-19,307,Bogotá,Montevideo,809.7,942.93,Retrasado,18
102,2026-01-30,312,Guadalajara,Buenos Aires,98.9,5739.96,Retrasado,3
103,2025-02-11,311,Santiago,Medellín,234.0,997.67,Retrasado,1
104,2025-09-09,316,Santiago,Montevideo,831.4,2686.91,En tránsito,5
105,2025-01-22,301,Lima,Santiago,814.7,2940.98,Devuelto,14
106,2025-07-16,318,Córdoba,Quito,392.0,5099.6,Devuelto,13
107,2025-09-27,324,Lima,Monterrey,410.0,2237.93,En tránsito,11
108,2025-05-18,318,Monterrey,Bogotá,305.9,4978.49,En tránsito,18
109,2026-06-04,319,Buenos Aires,Bogotá,673.1,3249.33,Entregado,8
110,2026-07-22,324,Monterrey,San José,780.1,1405.87,Retrasado,2
111,2026-05-25,315,Quito,Medellín,561.7,462.77,En tránsito,1
112,2025-02-28,318,Medellín,Córdoba,851.1,2901.63,En tránsito,3
113,2025-10-10,322,Monterrey,Bogotá,541.5,5688.32,Entregado,16
114,2026-02-10,314,Montevideo,Buenos Aires,204.8,2756.5,Retrasado,11
115,2026-02-21,308,Quito,Córdoba,137.4,3274.51,Retrasado,1
116,2025-05-03,320,Ciudad de México,Monterrey,736.0,500.4,Entregado,17
117,2025-07-19,314,Montevideo,Buenos Aires,236.7,3641.03,En tránsito,6
118,2025-05-03,301,San José,Medellín,315.5,637.44,Devuelto,13
119,2026-05-01,326,Guadalajara,Montevideo,132.0,2112.31,Entregado,10
120,2025-09-16,312,Buenos Aires,Guadalajara,474.9,1172.63,Devuelto,7
121,2025-03-25,308,Monterrey,San José,323.1,4530.75,Retrasado,1
122,2026-07-25,329,Quito,Ciudad de México,56.7,2289.03,En tránsito,1
123,2025-12-01,317,Ciudad de México,Montevideo,365.8,243.71,Retrasado,3
124,2026-05-26,306,Santiago,San José,173.1,1372.77,Retrasado,4
125,2026-01-19,328,San José,Buenos Aires,545.5,5357.31,En tránsito,17
126,2025-02-09,305,Medellín,Ciudad de México,888.6,5338.34,Entregado,10
127,2025-12-24,330,Lima,Bogotá,649.0,3573.43,En tránsito,4
128,2025-06-08,316,Santiago,Quito,947.5,5526.39,Devuelto,18
129,2025-04-30,327,Guadalajara,Medellín,635.4,467.54,En tránsito,12
130,2025-07-12,305,Santiago,Medellín,754.5,326.22,Entregado,16
131,2025-04-12,326,San José,Quito,805.5,618.44,Retrasado,17
132,2026-06-19,319,Quito,Córdoba,374.8,3314.58,En tránsito,10
133,2025-07-22,311,Buenos Aires,Medellín,278.7,3787.93,Devuelto,14
134,2025-01-25,313,Bogotá,Medellín,466.9,1983.37,Devuelto,13
135,2025-02-26,310,Medellín,Lima,501.4,326.46,Entregado,10
136,2026-07-10,329,Quito,Montevideo,165.1,1936.83,Entregado,18
137,2026-01-30,301,Ciudad de México,Lima,179.2,5787.99,Entregado,14
138,2025-07-02,324,Córdoba,Montevideo,483.6,4112.31,Entregado,7
139,2025-08-15,304,Medellín,Buenos Aires,676.9,511.94,En tránsito,16
140,2025-01-16,307,Quito,San José,43.4,2338.41,Entregado,10
141,2025-12-05,301,Santiago,San José,935.2,5923.55,En tránsito,12
142,2025-06-09,330,Guadalajara,Ciudad de México,135.0,1537.35,Retrasado,14
143,2025-11-14,322,Quito,San José,195.0,5281.79,Retrasado,14
144,2026-02-28,323,Ciudad de México,Guadalajara,358.6,5068.39,En tránsito,16
145,2026-02-09,309,Quito,Ciudad de México,40.2,4621.39,En tránsito,8
146,2025-04-29,303,San José,Bogotá,151.4,4763.85,Entregado,6
147,2025-09-20,318,Monterrey,Buenos Aires,907.6,4312.94,Devuelto,10
148,2026-08-07,318,Lima,Montevideo,248.8,4585.06,Devuelto,7
149,2025-07-25,303,Córdoba,Medellín,121.2,5973.71,Devuelto,16
150,2025-02-08,304,Bogotá,Santiago,791.5,1172.11,Entregado,8
151,2026-03-25,314,Quito,Monterrey,701.6,2696.78,Entregado,17
152,2025-11-22,325,Santiago,Montevideo,42.0,164.13,En tránsito,11
153,2025-12-25,328,Lima,Buenos Aires,439.2,5417.25,Entregado,13
154,2026-06-02,313,Buenos Aires,Lima,60.9,1169.06,En tránsito,11
155,2025-01-26,322,Montevideo,Medellín,827.8,490.75,En tránsito,17
156,2025-05-27,310,Córdoba,Buenos Aires,520.0,1959.92,Entregado,3
157,2025-01-18,314,Córdoba,Montevideo,587.8,1085.9,Retrasado,12
158,2025-08-28,302,Buenos Aires,Bogotá,6.1,100.25,Entregado,13
159,2025-08-18,325,Quito,Bogotá,724.2,288.36,Entregado,1
160,2026-01-31,321,Medellín,Quito,268.7,3727.01,Devuelto,8
161,2025-09-14,322,Medellín,Quito,328.2,5928.83,Devuelto,16
162,2026-07-04,330,Buenos Aires,Medellín,835.5,1405.13,Retrasado,6
163,2026-01-12,313,Lima,Buenos Aires,703.1,2635.88,Retrasado,5
164,2026-07-09,302,Medellín,Guadalajara,809.2,5925.94,En tránsito,12
165,2026-03-04,307,Guadalajara,Montevideo,437.8,2757.69,Devuelto,15
166,2026-02-13,312,Monterrey,Montevideo,126.9,3217.23,En tránsito,7
167,2025-07-19,323,Santiago,Quito,900.6,4397.5,Retrasado,15
168,2025-11-11,318,Guadalajara,Monterrey,203.2,916.68,Entregado,18
169,2026-02-27,321,Medellín,Lima,48.8,1365.69,En tránsito,13
170,2025-07-04,330,Córdoba,Guadalajara,896.1,221.11,En tránsito,13
171,2025-10-07,319,San José,Buenos Aires,934.5,4109.33,En tránsito,13
172,2026-02-26,319,Santiago,Buenos Aires,301.0,1534.54,En tránsito,16
173,2026-06-28,311,Quito,Montevideo,698.7,5265.43,Entregado,3
174,2025-02-24,303,Ciudad de México,Montevideo,315.3,612.49,Retrasado,7
175,2025-11-11,324,Buenos Aires,Santiago,798.7,2228.61,Retrasado,15
176,2025-10-24,316,Monterrey,Buenos Aires,288.4,4829.83,En tránsito,5
177,2026-06-30,306,Guadalajara,Bogotá,864.8,2505.3,Devuelto,9
178,2025-05-31,323,Santiago,Bogotá,863.8,654.65,Entregado,5
179,2026-01-24,329,Guadalajara,Medellín,453.3,4621.46,Retrasado,15
180,2026-04-04,319,Quito,Buenos Aires,849.3,5824.16,Retrasado,11
181,2025-07-01,303,Monterrey,Bogotá,128.6,1856.62,Devuelto,5
182,2025-11-25,304,San José,Santiago,278.1,4773.27,Entregado,12
183,2026-03-04,320,Medellín,Ciudad de México,942.1,2242.08,Retrasado,7
184,2025-01-25,317,Lima,Córdoba,465.4,5442.43,Entregado,8
185,2026-04-05,323,Lima,Montevideo,946.3,2078.11,Retrasado,15
186,2026-07-19,322,Bogotá,Monterrey,30.3,5242.48,Entregado,1
187,2026-04-27,310,Guadalajara,Santiago,361.3,293.02,Retrasado,13
188,2026-03-11,311,Monterrey,Córdoba,387.1,2105.4,Retrasado,9
189,2025-10-16,318,Santiago,Medellín,253.7,5487.08,Entregado,11
190,2025-01-24,328,Córdoba,Bogotá,770.3,4852.86,Entregado,8
191,2025-03-08,303,Buenos Aires,Monterrey,146.7,4824.63,Entregado,3
192,2025-12-16,301,Montevideo,Ciudad de México,826.7,3735.37,En tránsito,15
193,2025-04-19,321,Monterrey,San José,582.1,412.51,En tránsito,7
194,2025-07-10,330,Montevideo,Bogotá,87.6,5712.24,Entregado,14
195,2025-08-04,326,San José,Santiago,48.0,550.12,Retrasado,17
196,2026-05-23,307,Medellín,Santiago,575.4,1181.5,Retrasado,2
197,2025-01-07,315,Buenos Aires,Córdoba,76.0,5847.21,Retrasado,5
198,2025-07-13,329,Córdoba,Quito,665.1,4240.98,Entregado,7
199,2025-06-16,306,Monterrey,Santiago,375.2,5029.36,Retrasado,14
200,2025-08-12,317,San José,Lima,405.5,4960.85,En tránsito,17
201,2025-09-15,301,San José,Montevideo,267.7,1034.68,Entregado,3
202,2026-03-17,316,Monterrey,Ciudad de México,76.4,4605.45,Devuelto,1
203,2025-11-23,324,San José,Bogotá,558.9,5504.69,Retrasado,3
204,2026-04-07,319,Lima,Monterrey,340.5,4880.91,Retrasado,16
205,2026-07-14,310,Medellín,Monterrey,949.1,1206.49,En tránsito,2
206,2026-04-22,323,Monterrey,Guadalajara,836.0,2000.26,Devuelto,15
207,2025-06-06,328,Medellín,Montevideo,135.4,4523.27,Devuelto,1
208,2026-01-26,328,Buenos Aires,Monterrey,940.3,3822.58,Devuelto,12
209,2025-06-26,301,Guadalajara,San José,143.9,5680.57,En tránsito,4
210,2025-06-03,301,Guadalajara,Medellín,257.7,1250.72,Devuelto,13
211,2025-10-12,306,Lima,Córdoba,216.7,2960.29,Devuelto,14
212,2025-03-03,314,Buenos Aires,Medellín,336.0,707.59,Retrasado,16
213,2025-08-29,320,Lima,Buenos Aires,493.1,3005.85,En tránsito,14
214,2025-06-12,316,Ciudad de México,Lima,322.0,1918.82,Devuelto,4
215,2025-10-16,320,Buenos Aires,Córdoba,324.4,2290.26,En tránsito,12
216,2025-01-19,319,Medellín,Bogotá,425.0,2548.64,En tránsito,11
217,2026-05-03,323,Santiago,Monterrey,747.6,3365.57,Retrasado,7
218,2026-08-10,329,Buenos Aires,Monterrey,922.6,1435.25,En tránsito,8
219,2025-01-20,316,Quito,Medellín,298.1,5293.91,Devuelto,5
220,2026-06-26,320,Monterrey,Bogotá,466.6,3647.39,Retrasado,3
221,2025-10-10,315,Guadalajara,Santiago,676.5,2233.59,Entregado,16
222,2025-01-04,308,Santiago,San José,311.2,4963.03,Devuelto,18
223,2026-05-12,305,Lima,Monterrey,936.0,3660.24,En tránsito,7
224,2025-05-04,330,Quito,Montevideo,281.2,438.53,En tránsito,17
225,2025-09-12,326,Córdoba,Lima,751.3,2584.11,Entregado,10
226,2025-10-31,309,Santiago,Buenos Aires,24.5,3937.68,Devuelto,3
227,2026-04-03,312,Medellín,Buenos Aires,594.8,3367.17,Devuelto,11
228,2025-10-10,304,Lima,Medellín,188.3,3670.73,Retrasado,6
229,2025-01-18,319,Buenos Aires,Monterrey,118.2,5217.01,Devuelto,12
230,2026-07-18,305,Monterrey,Guadalajara,24.7,2650.82,Retrasado,13
231,2025-02-05,306,Monterrey,Quito,611.6,1998.16,Entregado,17
232,2026-05-24,302,Montevideo,Buenos Aires,61.2,481.94,En tránsito,4
233,2025-04-05,317,Buenos Aires,Santiago,717.0,5836.13,Retrasado,3
234,2026-05-20,314,Monterrey,Bogotá,380.8,447.93,Devuelto,13
235,2025-04-02,323,Buenos Aires,Córdoba,773.7,2735.11,Entregado,9
236,2026-07-26,308,Santiago,Ciudad de México,23.5,3885.98,En tránsito,16
237,2025-08-27,302,Ciudad de México,Santiago,902.5,5730.17,En tránsito,17
238,2026-02-10,311,Monterrey,Guadalajara,18.8,4611.98,Devuelto,1
239,2026-07-18,322,Montevideo,Guadalajara,65.0,1264.74,Entregado,7
240,2025-01-08,308,Quito,Medellín,332.2,557.31,Retrasado,17
241,2025-08-06,329,Buenos Aires,Guadalajara,145.1,123.51,Retrasado,9
242,2026-02-02,318,Monterrey,Córdoba,152.3,1273.39,Retrasado,11
243,2026-02-07,307,Monterrey,Lima,113.6,1769.46,Entregado,15
244,2026-06-09,320,San José,Montevideo,731.6,1291.17,Entregado,2
245,2025-07-24,313,Bogotá,Santiago,721.9,4435.36,Retrasado,7
246,2026-01-05,329,Quito,Lima,440.9,3915.15,En tránsito,9
247,2025-11-14,307,Córdoba,Ciudad de México,12.2,4991.16,Retrasado,7
248,2025-12-02,316,Montevideo,Guadalajara,435.3,2393.27,En tránsito,16
249,2025-10-20,316,Córdoba,Quito,755.4,4028.78,En tránsito,3
250,2025-02-01,320,Bogotá,Ciudad de México,588.5,5154.42,Retrasado,1
251,2026-08-05,310,Medellín,Guadalajara,913.2,655.62,Retrasado,7
252,2026-01-17,321,Santiago,Guadalajara,72.8,2551.52,Entregado,10
253,2025-11-06,325,Ciudad de México,Bogotá,135.2,2785.01,En tránsito,4
254,2025-02-01,330,San José,Montevideo,836.3,5597.7,En tránsito,1
255,2026-04-12,304,Bogotá,Santiago,826.4,3512.28,Retrasado,9
256,2026-05-07,301,Montevideo,Quito,60.6,4175.46,En tránsito,3
257,2025-01-31,313,San José,Guadalajara,35.8,2640.33,Devuelto,14
258,2025-02-15,306,Ciudad de México,Quito,624.0,5759.82,Retrasado,10
259,2025-10-01,324,Medellín,Santiago,23.7,1690.02,En tránsito,8
260,2025-02-15,323,Medellín,Ciudad de México,829.9,5025.52,Devuelto,18
261,2025-02-18,323,Medellín,Santiago,272.5,603.42,Retrasado,15
262,2025-06-17,327,Medellín,Córdoba,354.9,5418.78,En tránsito,11
263,2026-02-21,324,San José,Monterrey,165.7,2458.53,Devuelto,12
264,2026-05-22,325,Lima,Buenos Aires,642.1,2494.33,Devuelto,3
265,2025-12-07,320,Lima,Buenos Aires,878.5,3901.15,Devuelto,18
266,2025-02-13,328,San José,Buenos Aires,326.6,5516.33,En tránsito,11
267,2026-08-11,318,San José,Buenos Aires,133.0,4912.25,En tránsito,13
268,2026-05-29,303,Guadalajara,Bogotá,517.0,3155.85,Entregado,9
269,2025-06-18,330,Córdoba,San José,702.9,4129.34,Retrasado,16
270,2026-07-16,304,Monterrey,Montevideo,890.1,3176.88,Devuelto,8
271,2025-04-19,319,Monterrey,Guadalajara,214.9,3891.9,En tránsito,7
272,2025-04-21,323,Ciudad de México,Córdoba,470.7,5501.79,Retrasado,8
273,2025-08-03,325,Guadalajara,Lima,515.1,651.8,En tránsito,1
274,2025-05-04,301,Ciudad de México,Lima,197.1,4979.73,Entregado,3
275,2026-03-09,309,Medellín,Bogotá,897.7,3996.58,Entregado,10
276,2025-08-02,311,Guadalajara,Monterrey,288.9,3746.01,Devuelto,2
277,2026-05-27,322,Medellín,Ciudad de México,304.0,263.76,Devuelto,13
278,2026-03-09,325,Córdoba,Bogotá,654.3,3751.77,Retrasado,16
279,2026-05-15,301,Guadalajara,Ciudad de México,721.2,594.03,Retrasado,18
280,2025-04-07,303,Bogotá,Santiago,432.2,4514.39,En tránsito,16
281,2026-07-20,302,Monterrey,Lima,738.4,5139.48,En tránsito,14
282,2025-05-12,304,Ciudad de México,San José,564.0,4077.44,Entregado,17
283,2025-07-05,315,Bogotá,Córdoba,440.3,4207.02,Devuelto,18
284,2025-09-17,321,Montevideo,Ciudad de México,556.6,4213.44,Devuelto,6
285,2025-06-16,329,Medellín,Lima,38.3,3638.63,Devuelto,4
286,2025-07-23,322,Buenos Aires,Bogotá,458.3,1554.33,Devuelto,6
287,2025-11-06,325,Guadalajara,Ciudad de México,174.0,2093.22,Devuelto,8
288,2025-04-14,323,Medellín,Bogotá,156.6,861.43,Entregado,15
289,2025-01-22,316,Monterrey,Guadalajara,673.1,5394.32,Retrasado,18
290,2025-02-04,304,Guadalajara,Medellín,265.3,3379.11,Devuelto,3
291,2026-01-02,303,Bogotá,Lima,451.2,3082.11,En tránsito,5
292,2025-03-30,304,Ciudad de México,Buenos Aires,542.1,4014.67,Devuelto,18
293,2026-05-05,312,Córdoba,Lima,63.9,4756.79,En tránsito,14
294,2025-08-26,304,Córdoba,Ciudad de México,192.7,1858.03,Devuelto,1
295,2025-01-13,312,Ciudad de México,Córdoba,107.6,4022.19,Entregado,10
296,2025-09-07,329,Buenos Aires,Monterrey,817.6,4823.25,En tránsito,16
297,2025-04-12,316,Medellín,Santiago,164.2,3353.95,Entregado,5
298,2025-05-29,322,Buenos Aires,Córdoba,818.2,482.52,Entregado,6
299,2026-01-06,308,San José,Guadalajara,890.8,4981.62,Devuelto,2
300,2025-11-25,325,Guadalajara,Ciudad de México,741.7,243.78,Retrasado,13
301,2025-05-11,315,Quito,Santiago,455.7,5700.38,Devuelto,6
302,2025-10-22,308,Quito,Córdoba,472.5,524.33,Entregado,14
303,2025-05-30,303,Córdoba,Bogotá,734.4,316.5,Retrasado,13
304,2025-12-16,309,Medellín,San José,288.7,3248.92,Retrasado,10
305,2026-05-15,328,Medellín,Córdoba,367.1,5237.26,En tránsito,16
306,2025-12-17,311,Bogotá,Medellín,506.3,3728.89,Entregado,9
307,2025-10-23,321,Lima,Montevideo,564.9,1428.83,Retrasado,8
308,2025-11-10,319,Santiago,Monterrey,182.7,2063.19,Devuelto,9
309,2025-07-12,309,Quito,Guadalajara,730.0,5352.06,En tránsito,10
310,2026-01-06,307,San José,Montevideo,677.1,3353.19,En tránsito,15
311,2025-05-01,319,Córdoba,Buenos Aires,688.5,5266.78,En tránsito,7
312,2025-07-07,320,San José,Monterrey,843.0,4872.7,Retrasado,8
313,2026-08-05,313,Medellín,Lima,436.4,2101.08,Retrasado,3
314,2026-07-18,309,Bogotá,Guadalajara,934.7,99.34,En tránsito,9
315,2026-07-18,330,Medellín,Montevideo,554.6,1720.38,Devuelto,7
316,2026-05-17,309,Ciudad de México,Guadalajara,565.7,2900.1,Devuelto,11
317,2025-05-06,304,Buenos Aires,Montevideo,343.6,4823.69,Entregado,2
318,2025-04-21,328,Bogotá,Lima,521.3,1669.01,Entregado,14
319,2026-08-04,307,Ciudad de México,San José,57.4,739.68,Retrasado,10
320,2025-08-14,314,Santiago,Montevideo,587.6,3458.05,Retrasado,18
321,2025-01-24,312,Santiago,Buenos Aires,526.2,1954.97,En tránsito,6
322,2026-07-09,326,Guadalajara,Santiago,585.7,5730.48,Entregado,9
323,2025-04-08,326,Medellín,Bogotá,234.3,2485.9,En tránsito,15
324,2025-08-14,320,Buenos Aires,Montevideo,265.9,98.76,Retrasado,14
325,2026-04-02,319,Quito,Guadalajara,203.1,674.17,Entregado,14
326,2025-06-03,323,Medellín,Montevideo,702.3,2356.1,Devuelto,1
327,2026-05-19,318,Lima,Santiago,415.1,5260.87,Retrasado,11
328,2026-02-02,301,Medellín,Córdoba,796.4,3670.8,Retrasado,5
329,2026-01-22,323,Bogotá,Quito,160.4,2471.72,En tránsito,11
330,2025-09-12,312,Guadalajara,Lima,679.3,5398.84,Devuelto,16
331,2025-09-07,301,San José,Quito,613.4,462.99,Entregado,13
332,2026-01-26,319,Monterrey,Montevideo,20.0,2662.85,Devuelto,14
333,2025-12-23,303,Guadalajara,Lima,217.5,2250.24,Retrasado,16
334,2026-08-23,306,Buenos Aires,Santiago,612.9,3626.7,En tránsito,2
335,2025-08-23,313,Monterrey,Ciudad de México,85.9,5501.83,Entregado,18
336,2026-06-22,302,Lima,Bogotá,885.4,2762.36,Retrasado,5
337,2025-07-10,328,Guadalajara,Lima,218.0,1924.66,Entregado,8
338,2025-02-23,328,Bogotá,Quito,544.2,4715.96,En tránsito,10
339,2025-06-21,318,Medellín,Guadalajara,224.8,4861.75,En tránsito,3
340,2025-07-03,303,Bogotá,Lima,507.5,4692.03,Retrasado,6
341,2025-09-09,305,Córdoba,Buenos Aires,747.7,2006.83,En tránsito,9
342,2026-06-01,317,Ciudad de México,Córdoba,850.1,2411.33,En tránsito,2
343,2025-09-05,316,Buenos Aires,Montevideo,818.7,5018.94,Retrasado,15
344,2025-04-23,308,Medellín,Buenos Aires,677.9,1039.55,Entregado,3
345,2025-10-22,313,Buenos Aires,Ciudad de México,438.0,4809.12,Devuelto,18
346,2026-06-22,318,Montevideo,Guadalajara,443.6,3912.33,Retrasado,13
347,2026-02-22,325,Lima,Córdoba,159.0,5158.93,En tránsito,2
348,2026-01-12,307,Bogotá,Quito,799.9,763.97,Devuelto,13
349,2025-01-25,313,Lima,Monterrey,299.2,1256.32,Entregado,7
350,2026-04-06,314,San José,Buenos Aires,822.0,4759.9,En tránsito,10
351,2025-01-17,313,Santiago,Buenos Aires,855.5,5429.69,Retrasado,16
352,2026-01-16,313,Medellín,Montevideo,838.3,2822.73,Devuelto,2
353,2025-04-14,308,Buenos Aires,San José,281.0,394.47,Devuelto,13
354,2025-03-21,329,San José,Guadalajara,568.5,2180.26,Devuelto,2
355,2025-12-27,330,Medellín,Bogotá,315.2,1917.22,En tránsito,1
356,2025-10-04,304,Buenos Aires,Córdoba,57.4,3096.28,Retrasado,1
357,2026-04-17,315,Guadalajara,Monterrey,329.9,2013.14,Retrasado,2
358,2025-05-07,326,Córdoba,Quito,839.4,4570.28,Devuelto,17
359,2026-08-03,302,San José,Córdoba,480.9,5991.98,En tránsito,13
360,2025-10-01,311,San José,Medellín,137.2,4591.68,En tránsito,3
361,2026-02-08,320,Guadalajara,Lima,209.6,340.56,Entregado,5
362,2025-07-18,307,Guadalajara,Quito,397.0,4969.46,En tránsito,14
363,2025-08-04,318,Quito,Lima,1.0,472.07,Entregado,9
364,2025-08-13,324,Medellín,Bogotá,445.2,5888.69,Devuelto,4
365,2025-12-17,303,San José,Medellín,586.2,5878.39,Devuelto,9
366,2025-12-05,319,Córdoba,Montevideo,600.1,2013.08,En tránsito,17
367,2025-09-09,322,Lima,Quito,215.3,211.57,Devuelto,9
368,2026-05-26,311,Córdoba,Lima,924.1,5948.57,Entregado,10
369,2025-06-01,326,Lima,Bogotá,527.5,5079.37,En tránsito,8
370,2026-07-10,315,Buenos Aires,Bogotá,480.8,2522.86,Devuelto,14
371,2025-03-25,319,Monterrey,Lima,230.7,3768.5,Entregado,11
372,2026-02-20,330,Ciudad de México,Guadalajara,774.4,991.95,Devuelto,1
373,2025-11-12,311,Monterrey,Bogotá,224.3,5284.31,Devuelto,13
374,2026-03-17,319,Santiago,Guadalajara,807.1,1775.89,En tránsito,11
375,2026-01-21,306,Quito,Monterrey,810.6,675.91,Entregado,1
376,2026-05-20,305,Córdoba,Guadalajara,851.8,5611.5,En tránsito,2
377,2025-02-03,301,Medellín,Buenos Aires,127.2,5903.51,Retrasado,12
378,2025-02-11,322,Quito,Bogotá,157.4,1913.82,Entregado,2
379,2025-01-01,319,Bogotá,Ciudad de México,780.4,1218.11,En tránsito,13
380,2025-10-01,327,Medellín,Bogotá,563.9,3723.38,Entregado,10
381,2025-09-24,305,Bogotá,Medellín,149.9,4674.36,Entregado,16
382,2025-02-02,320,Santiago,Lima,374.0,2084.85,En tránsito,16
383,2026-06-06,326,Medellín,Monterrey,291.4,3948.66,Devuelto,14
384,2025-12-01,326,Santiago,Lima,200.4,2810.82,En tránsito,2
385,2025-05-01,303,Ciudad de México,Quito,140.7,5989.5,En tránsito,5
386,2025-12-07,324,Bogotá,Lima,653.5,3509.28,Devuelto,14
387,2026-07-20,314,Bogotá,San José,693.0,1871.07,En tránsito,16
388,2025-06-10,321,Ciudad de México,Monterrey,371.6,2122.91,Entregado,2
389,2025-07-11,327,Lima,Guadalajara,772.0,2823.94,Devuelto,11
390,2026-03-09,315,Buenos Aires,Monterrey,625.7,5751.75,En tránsito,1
391,2026-03-02,328,Buenos Aires,Lima,89.0,5263.08,Retrasado,5
392,2026-06-10,302,Buenos Aires,Santiago,573.9,5745.81,En tránsito,6
393,2026-01-05,314,Ciudad de México,Montevideo,675.9,4817.24,Retrasado,11
394,2026-05-29,301,Bogotá,Medellín,192.0,955.01,Retrasado,17
395,2025-07-21,313,Córdoba,Quito,413.5,5702.92,Entregado,15
396,2025-10-25,324,Quito,Córdoba,512.1,4554.18,Entregado,10
397,2025-03-06,311,Ciudad de México,Guadalajara,451.1,5279.15,Devuelto,8
398,2025-08-17,330,Monterrey,Quito,427.1,1857.67,Entregado,8
399,2026-02-09,322,Quito,Lima,252.5,3222.0,Entregado,8
400,2026-02-11,327,Medellín,Santiago,2.6,362.76,Entregado,9
401,2025-01-17,318,Córdoba,Guadalajara,476.9,5719.38,Retrasado,2
402,2026-07-01,316,Quito,Santiago,628.4,1782.34,Entregado,8
403,2025-12-03,330,Guadalajara,Córdoba,168.8,3964.13,Entregado,14
404,2025-09-09,303,Monterrey,San José,899.3,202.49,En tránsito,9
405,2025-09-21,306,San José,Lima,395.1,5443.25,En tránsito,6
406,2025-11-13,312,Bogotá,Lima,948.0,4174.02,Entregado,3
407,2025-09-03,305,Bogotá,Ciudad de México,63.2,4640.41,Retrasado,6
408,2025-05-05,304,Medellín,Monterrey,475.7,5024.33,Devuelto,17
409,2025-10-12,304,Medellín,San José,746.3,2189.05,Entregado,12
410,2026-07-13,306,Guadalajara,Santiago,897.7,4373.87,Entregado,3
411,2025-06-14,306,Buenos Aires,Monterrey,496.2,4162.02,En tránsito,16
412,2025-01-31,330,San José,Monterrey,323.5,2384.53,Devuelto,4
413,2025-08-06,326,Córdoba,Guadalajara,159.6,3756.76,Devuelto,3
414,2026-05-22,324,Santiago,San José,529.8,2790.49,Retrasado,12
415,2026-04-09,307,Ciudad de México,Montevideo,179.1,3459.96,Entregado,12
416,2025-01-08,321,Monterrey,Guadalajara,921.1,5183.08,Entregado,5
417,2026-06-18,327,Bogotá,Quito,533.6,769.64,En tránsito,16
418,2025-12-15,316,Córdoba,Montevideo,114.2,4880.11,Retrasado,8
419,2025-10-28,310,Córdoba,Guadalajara,37.5,710.92,Retrasado,5
420,2025-06-06,323,Lima,Guadalajara,267.0,5110.44,Entregado,17
421,2025-11-12,312,Bogotá,Medellín,701.8,2488.68,Entregado,10
422,2025-05-21,311,Buenos Aires,Bogotá,884.9,3649.21,Entregado,12
423,2025-12-08,304,Bogotá,Lima,302.7,812.46,En tránsito,3
424,2025-11-15,308,Ciudad de México,Lima,799.5,3337.23,Entregado,18
425,2025-11-01,330,Quito,Córdoba,861.1,3974.77,Entregado,13
426,2026-03-07,325,Ciudad de México,Lima,88.8,2052.94,Entregado,5
427,2025-01-05,303,Bogotá,Quito,101.9,2903.7,Devuelto,12
428,2025-09-28,313,Córdoba,Bogotá,151.3,5642.77,En tránsito,3
429,2026-08-06,311,Buenos Aires,Montevideo,665.8,694.93,Entregado,16
430,2025-06-23,307,Montevideo,Buenos Aires,701.1,4947.28,En tránsito,14
431,2025-10-07,301,San José,Córdoba,548.1,4400.72,En tránsito,16
432,2026-03-17,318,Santiago,Ciudad de México,200.9,4027.94,En tránsito,17
433,2026-02-19,310,Monterrey,Buenos Aires,925.0,2516.33,Retrasado,9
434,2026-03-07,308,Quito,Bogotá,242.6,3663.12,Entregado,4
435,2025-09-17,313,Quito,Santiago,656.9,3493.57,Entregado,8
436,2025-08-25,305,Montevideo,Ciudad de México,948.2,4489.69,Entregado,13
437,2025-04-26,305,Santiago,Lima,546.1,3938.97,Entregado,1
438,2025-07-31,314,Bogotá,Monterrey,425.0,950.17,Entregado,12
439,2026-06-16,311,Guadalajara,Montevideo,646.5,2705.0,En tránsito,5
440,2025-07-12,307,Guadalajara,Monterrey,826.5,5160.03,En tránsito,16
441,2025-02-20,316,Lima,Guadalajara,239.9,2645.1,En tránsito,2
442,2026-06-21,326,Ciudad de México,Medellín,275.0,2527.35,Retrasado,5
443,2026-03-13,310,Lima,Buenos Aires,730.7,2881.55,Entregado,15
444,2025-08-18,312,Lima,San José,427.2,4155.51,Retrasado,16
445,2026-05-07,313,Lima,Buenos Aires,209.9,5436.45,Entregado,8
446,2025-08-13,321,Medellín,Guadalajara,937.2,3346.34,En tránsito,4
447,2026-06-19,309,Montevideo,Monterrey,242.4,665.1,Retrasado,13
448,2025-04-20,301,Bogotá,Quito,229.5,1754.25,En tránsito,18
449,2026-06-27,328,Quito,Montevideo,875.8,3794.91,Entregado,5
450,2026-03-06,301,Monterrey,Córdoba,539.8,88.65,En tránsito,6
451,2026-03-12,304,Montevideo,Lima,239.0,4843.19,En tránsito,13
452,2026-08-01,322,Quito,Montevideo,339.4,2329.14,En tránsito,8
453,2026-01-01,311,Ciudad de México,Monterrey,448.1,1507.71,Retrasado,16
454,2025-01-17,308,Guadalajara,Córdoba,655.4,690.9,En tránsito,8
455,2026-04-24,314,Ciudad de México,Santiago,392.0,5976.06,Entregado,4
456,2025-05-19,322,Córdoba,Medellín,210.1,1350.04,Retrasado,4
457,2026-02-23,302,Lima,Ciudad de México,114.7,1740.03,Devuelto,7
458,2025-05-02,303,Monterrey,Santiago,89.3,1561.87,En tránsito,2
459,2026-07-09,316,Montevideo,Lima,159.1,4563.37,Entregado,16
460,2025-12-05,327,Santiago,Guadalajara,95.5,3061.91,En tránsito,9
461,2026-01-01,301,Guadalajara,Monterrey,715.8,3373.22,En tránsito,1
462,2026-08-09,324,Bogotá,San José,20.8,1709.53,En tránsito,6
463,2025-07-03,308,Montevideo,Ciudad de México,186.5,1317.7,En tránsito,10
464,2026-04-06,315,Ciudad de México,San José,214.7,876.33,Entregado,7
465,2026-03-19,312,San José,Lima,146.7,454.55,En tránsito,16
466,2026-01-19,313,Ciudad de México,Buenos Aires,33.9,1116.57,Devuelto,4
467,2025-03-16,303,Buenos Aires,Santiago,146.5,721.96,En tránsito,6
468,2026-07-23,309,Montevideo,Córdoba,839.7,3222.73,Retrasado,15
469,2026-08-04,306,Quito,Córdoba,205.2,2738.43,En tránsito,15
470,2025-08-08,309,Monterrey,Lima,879.9,4805.95,Entregado,7
471,2026-07-03,313,Lima,Guadalajara,441.9,618.87,Entregado,5
472,2026-07-01,329,Ciudad de México,Santiago,902.1,749.94,Devuelto,13
473,2025-05-19,330,San José,Quito,50.7,1144.37,En tránsito,5
474,2026-07-11,308,Ciudad de México,Córdoba,840.3,1509.65,Entregado,11
475,2025-09-23,317,Córdoba,Bogotá,248.5,3329.53,En tránsito,2
476,2025-05-24,314,Medellín,Santiago,762.8,1385.41,Entregado,17
477,2025-03-15,305,Quito,Medellín,401.3,3832.42,Entregado,11
478,2025-10-10,315,Buenos Aires,San José,943.1,2079.07,Entregado,1
479,2025-01-25,325,Ciudad de México,San José,819.8,4360.69,Entregado,11
480,2026-08-23,306,Montevideo,San José,77.5,4152.7,Devuelto,4
481,2026-01-16,315,Córdoba,San José,54.9,3814.61,Entregado,5
482,2025-04-28,312,Monterrey,Guadalajara,755.1,3063.8,Retrasado,10
483,2026-07-13,309,Buenos Aires,Bogotá,772.2,3634.06,Devuelto,10
484,2025-06-04,316,Córdoba,Bogotá,167.4,4598.31,Entregado,11
485,2026-06-04,313,Medellín,Ciudad de México,413.2,235.41,Entregado,1
486,2026-01-22,322,Lima,Santiago,328.4,2101.62,Retrasado,17
487,2026-02-19,309,Córdoba,Buenos Aires,359.1,807.82,Devuelto,5
488,2025-08-22,326,Lima,Córdoba,941.1,2267.83,Entregado,12
489,2026-01-20,310,Buenos Aires,Quito,693.3,3351.06,Entregado,16
490,2025-09-04,302,Guadalajara,Santiago,390.0,5147.67,Devuelto,12
491,2026-06-23,326,Ciudad de México,Quito,175.9,461.93,Retrasado,2
492,2025-09-16,330,Bogotá,Guadalajara,793.2,815.65,Entregado,9
493,2025-07-01,321,Montevideo,Lima,520.3,2883.96,En tránsito,17
494,2026-06-26,307,Guadalajara,Santiago,615.5,2446.28,En tránsito,5
495,2026-02-14,322,Bogotá,Buenos Aires,588.3,1827.29,En tránsito,17
496,2025-11-11,319,San José,Montevideo,387.6,1018.87,En tránsito,14
497,2026-01-13,325,Montevideo,Buenos Aires,686.3,5082.63,Devuelto,7
498,2025-03-26,304,Lima,Montevideo,439.1,321.41,Devuelto,10
499,2025-12-30,321,Guadalajara,Buenos Aires,898.9,2292.1,Retrasado,2
500,2026-01-13,306,Guadalajara,Santiago,323.3,4124.45,Retrasado,7
501,2025-03-28,328,Montevideo,Ciudad de México,446.6,1901.76,Retrasado,10
502,2026-06-02,317,Quito,Córdoba,870.5,213.15,En tránsito,4
503,2026-05-28,312,Santiago,Córdoba,493.1,4996.06,Retrasado,11
504,2025-03-05,324,Buenos Aires,Medellín,640.2,2092.38,Retrasado,2
505,2025-07-29,328,Lima,Santiago,870.7,1316.91,Retrasado,7
506,2025-11-19,327,Córdoba,Lima,839.4,803.31,En tránsito,5
507,2025-04-07,326,Bogotá,Montevideo,675.9,2772.08,Devuelto,4
508,2025-07-23,318,Ciudad de México,Quito,229.4,621.2,En tránsito,16
509,2025-11-27,307,Buenos Aires,Guadalajara,949.5,312.13,Devuelto,2
510,2026-06-02,324,Bogotá,Montevideo,472.1,5773.27,Devuelto,4
511,2026-07-20,315,Córdoba,Guadalajara,684.4,3184.89,Entregado,1
512,2025-01-28,330,Buenos Aires,Santiago,947.4,254.04,Entregado,11
513,2026-07-17,325,Guadalajara,Bogotá,121.9,3615.4,Entregado,8
514,2026-04-29,323,Guadalajara,Monterrey,605.2,3024.32,Retrasado,4
515,2025-08-07,324,Guadalajara,Ciudad de México,372.5,3689.68,Retrasado,5
516,2025-11-15,329,Ciudad de México,Bogotá,573.7,4866.4,Retrasado,4
517,2025-08-25,318,Lima,Santiago,377.5,2905.89,Entregado,5
518,2025-06-24,325,Guadalajara,Santiago,774.3,1013.45,En tránsito,17
519,2026-04-08,305,Bogotá,Santiago,261.6,2079.15,Entregado,3
520,2025-05-14,309,Ciudad de México,Lima,493.9,2490.91,Entregado,12
521,2025-09-01,321,Ciudad de México,Monterrey,468.0,2421.34,Devuelto,2
522,2025-04-30,317,Montevideo,Bogotá,709.2,2604.97,Entregado,2
523,2025-07-28,307,Ciudad de México,Córdoba,343.6,2435.16,Entregado,1
524,2026-04-12,313,Buenos Aires,San José,69.5,5646.63,En tránsito,4
525,2025-12-15,306,Santiago,Lima,338.3,4918.99,En tránsito,14
526,2026-05-12,319,Bogotá,Medellín,403.5,3403.32,En tránsito,7
527,2025-02-11,317,Lima,Montevideo,110.5,1879.72,Entregado,17
528,2025-11-02,315,Santiago,Monterrey,225.9,5187.98,En tránsito,14
529,2026-01-19,302,Santiago,Montevideo,584.0,814.89,Entregado,12
530,2025-02-18,315,Montevideo,Ciudad de México,482.3,5959.69,Entregado,10
531,2025-01-17,310,Quito,Buenos Aires,679.1,2762.4,Retrasado,6
532,2026-03-07,313,Quito,Montevideo,728.4,3470.47,Devuelto,10
533,2026-04-13,327,Córdoba,San José,85.6,3171.5,En tránsito,18
534,2026-01-29,326,Monterrey,Quito,605.1,3447.07,En tránsito,11
535,2025-01-22,319,Bogotá,Lima,733.8,5333.04,En tránsito,6
536,2025-07-09,329,Santiago,Bogotá,797.3,4857.9,En tránsito,10
537,2026-02-18,325,Buenos Aires,Guadalajara,535.9,5766.92,Entregado,14
538,2026-07-26,320,Montevideo,Ciudad de México,449.6,2436.12,Entregado,15
539,2026-03-29,325,Guadalajara,Ciudad de México,165.6,1358.17,En tránsito,17
540,2026-01-06,320,Santiago,Monterrey,617.9,5399.25,En tránsito,18
541,2025-01-04,325,Ciudad de México,Lima,852.4,5763.32,Entregado,5
542,2026-03-21,329,Montevideo,Quito,324.6,3331.57,En tránsito,13
543,2025-05-31,319,Monterrey,Córdoba,412.7,1654.95,Devuelto,13
544,2025-03-16,312,Guadalajara,San José,877.3,1362.46,Devuelto,14
545,2025-05-30,304,San José,Montevideo,728.3,4858.82,Retrasado,11
546,2025-07-16,330,Bogotá,Lima,738.5,2440.13,En tránsito,8
547,2025-10-06,319,Lima,Córdoba,594.9,320.13,Entregado,6
548,2025-01-07,316,Santiago,Ciudad de México,634.5,3122.28,Devuelto,13
549,2026-02-01,303,Ciudad de México,Bogotá,479.0,524.34,En tránsito,11
550,2025-03-09,327,Ciudad de México,Montevideo,356.7,411.44,Retrasado,3
551,2025-03-16,310,San José,Quito,815.0,1982.65,Devuelto,14
552,2026-06-19,325,Buenos Aires,San José,186.5,3528.18,Devuelto,14
553,2026-01-13,321,Buenos Aires,Ciudad de México,209.9,1736.42,Entregado,16
554,2025-10-16,315,Medellín,Quito,371.5,424.44,Devuelto,5
555,2025-05-14,324,Guadalajara,Montevideo,566.7,2119.74,Entregado,16
556,2026-01-29,324,San José,Medellín,877.0,5893.34,Entregado,9
557,2026-07-01,301,Guadalajara,Córdoba,250.0,5824.16,En tránsito,7
558,2025-05-16,315,Santiago,Bogotá,906.5,1940.06,En tránsito,7
559,2026-04-24,312,Guadalajara,Bogotá,517.7,548.57,Entregado,7
560,2025-04-15,328,Buenos Aires,San José,75.1,1047.23,Devuelto,4
561,2026-06-10,308,Guadalajara,Santiago,930.6,1961.12,Devuelto,16
562,2026-01-21,318,Quito,Monterrey,115.6,1372.06,Entregado,18
563,2025-02-20,310,Lima,Montevideo,689.8,1078.67,Retrasado,2
564,2026-06-07,305,Guadalajara,Lima,41.3,4919.37,Devuelto,9
565,2026-04-08,310,Ciudad de México,Santiago,195.0,1560.75,Entregado,13
566,2025-05-26,316,Córdoba,Bogotá,859.8,4466.23,Devuelto,17
567,2025-01-15,306,Buenos Aires,Bogotá,792.3,3863.25,Devuelto,18
568,2025-07-18,327,Buenos Aires,Bogotá,248.4,5589.07,Devuelto,6
569,2026-05-19,319,Córdoba,Monterrey,745.3,4145.73,Devuelto,8
570,2026-07-07,325,Guadalajara,Santiago,231.3,760.71,En tránsito,18
571,2025-01-30,322,Monterrey,Guadalajara,321.9,3468.76,Devuelto,1
572,2026-07-12,316,Montevideo,Quito,683.4,2617.84,Entregado,15
573,2026-02-17,316,Montevideo,Ciudad de México,817.9,3019.07,Devuelto,17
574,2026-01-09,325,Buenos Aires,Ciudad de México,726.4,2306.61,En tránsito,3
575,2025-08-18,322,Buenos Aires,Montevideo,597.9,2021.11,En tránsito,3
576,2026-01-10,313,San José,Montevideo,14.6,2063.5,Devuelto,4
577,2026-08-07,322,Lima,Guadalajara,143.2,511.34,En tránsito,3
578,2026-08-05,319,Buenos Aires,Monterrey,378.3,2783.82,Entregado,18
579,2025-10-02,319,Córdoba,San José,223.8,3770.75,Retrasado,18
580,2025-05-10,328,Ciudad de México,Buenos Aires,847.6,303.71,Retrasado,2
581,2026-07-10,320,Montevideo,Santiago,411.8,4337.6,Retrasado,17
582,2025-11-02,310,San José,Buenos Aires,838.4,2079.31,Entregado,3
583,2026-07-13,310,Monterrey,Medellín,482.4,5777.59,Entregado,15
584,2025-08-29,303,Monterrey,Buenos Aires,850.5,2457.79,Devuelto,16
585,2025-07-11,307,Córdoba,San José,25.4,3724.25,Retrasado,13
586,2025-03-07,325,Bogotá,Quito,683.6,4009.06,Devuelto,16
587,2026-01-29,320,Córdoba,Medellín,515.1,5153.58,Devuelto,17
588,2025-05-13,316,Montevideo,Buenos Aires,304.5,3494.68,Devuelto,2
589,2025-11-22,326,San José,Córdoba,647.6,83.88,En tránsito,8
590,2025-01-31,312,Ciudad de México,Lima,630.6,5217.3,Devuelto,13
591,2026-04-13,324,Quito,Monterrey,540.9,261.35,Entregado,6
592,2025-12-17,309,Córdoba,Buenos Aires,809.9,1668.47,En tránsito,17
593,2026-02-08,313,Medellín,Quito,186.7,2169.88,Retrasado,6
594,2025-05-17,321,Santiago,San José,649.5,4457.01,Retrasado,13
595,2026-07-14,327,Santiago,Montevideo,912.5,5548.73,Entregado,11
596,2025-03-23,313,Buenos Aires,Lima,650.4,5502.7,En tránsito,18
597,2025-07-02,325,Monterrey,Medellín,868.3,2112.64,En tránsito,6
598,2025-08-16,313,Quito,Santiago,326.5,3678.99,Retrasado,4
599,2026-07-28,308,Córdoba,Bogotá,675.2,2265.85,Entregado,16
600,2026-07-27,317,Lima,Guadalajara,308.5,3690.51,Devuelto,10
601,2025-01-08,327,Lima,Santiago,184.9,3798.52,Entregado,17
602,2025-04-26,327,Quito,Bogotá,868.2,3626.09,En tránsito,2
603,2026-08-19,307,Córdoba,Monterrey,224.6,4777.23,Entregado,12
604,2025-04-01,307,Guadalajara,Lima,309.3,2765.77,Retrasado,11
605,2025-06-27,307,Bogotá,Santiago,348.1,5325.71,Devuelto,16
606,2025-09-01,324,Córdoba,Bogotá,759.0,2728.18,Retrasado,2
607,2025-06-03,301,Quito,Lima,662.4,3888.41,Entregado,10
608,2025-12-29,325,Bogotá,Ciudad de México,168.9,2346.96,Entregado,17
609,2025-05-15,316,Córdoba,Ciudad de México,720.0,119.82,Retrasado,5
610,2026-07-26,308,Córdoba,Montevideo,813.7,2142.03,En tránsito,5
611,2026-03-15,330,Monterrey,Córdoba,395.6,5736.83,Devuelto,15
612,2025-11-02,318,Medellín,Lima,819.5,898.26,Retrasado,17
613,2025-10-14,311,Montevideo,San José,514.5,2090.05,Devuelto,12
614,2025-10-22,326,Monterrey,Quito,169.3,843.07,Entregado,3
615,2025-12-07,326,Montevideo,Guadalajara,24.6,5600.84,Entregado,2
616,2026-01-17,302,Buenos Aires,Lima,607.4,3551.08,En tránsito,3
617,2025-04-29,308,Buenos Aires,San José,759.4,5221.43,Entregado,7
618,2026-05-08,301,Monterrey,Montevideo,32.6,1288.22,Devuelto,18
619,2025-04-13,324,Buenos Aires,San José,270.1,1763.43,Devuelto,13
620,2025-05-28,319,Quito,Medellín,474.9,5114.02,En tránsito,14
621,2025-10-27,315,San José,Medellín,611.2,966.25,Entregado,5
622,2026-01-13,312,Córdoba,Buenos Aires,273.9,5702.24,Entregado,17
623,2025-04-19,307,Buenos Aires,Córdoba,700.3,1207.31,Entregado,5
624,2025-01-08,307,Quito,Buenos Aires,595.8,3774.48,Entregado,13
625,2026-06-17,324,Ciudad de México,Bogotá,232.9,1633.35,En tránsito,7
626,2025-12-20,323,Córdoba,Medellín,23.5,1057.15,Devuelto,13
627,2026-04-12,317,Montevideo,Bogotá,168.5,1149.54,Retrasado,16
628,2026-01-07,315,Monterrey,Lima,534.2,1652.53,En tránsito,13
629,2025-11-30,305,Quito,Ciudad de México,135.8,614.19,Devuelto,13
630,2025-09-04,329,San José,Córdoba,693.2,2403.57,En tránsito,15
631,2025-06-29,304,San José,Medellín,60.6,4149.9,En tránsito,15
632,2026-08-02,326,Montevideo,Santiago,622.8,5802.39,Entregado,11
633,2026-08-14,306,Buenos Aires,Montevideo,907.5,5465.08,En tránsito,14
634,2026-03-14,329,Buenos Aires,Bogotá,759.5,3970.9,Entregado,10
635,2025-05-28,308,Córdoba,Montevideo,225.0,1066.06,Retrasado,8
636,2025-07-28,326,Quito,Córdoba,304.5,5643.0,Retrasado,14
637,2026-04-20,304,Medellín,San José,700.4,5304.44,En tránsito,6
638,2025-09-11,326,Guadalajara,Lima,894.8,3460.58,Retrasado,9
639,2025-04-30,319,Medellín,Quito,171.8,2725.21,Devuelto,1
640,2026-03-27,306,Quito,Buenos Aires,66.9,408.19,En tránsito,15
641,2025-04-26,325,Córdoba,Medellín,203.9,4270.88,Retrasado,5
642,2025-09-06,319,Córdoba,Montevideo,124.6,246.22,Entregado,5
643,2025-02-25,326,Monterrey,Guadalajara,520.8,1105.74,Entregado,9
644,2026-04-22,325,Córdoba,Medellín,492.9,3075.02,Devuelto,12
645,2026-06-11,322,Santiago,Monterrey,339.8,1481.83,Devuelto,2
646,2025-01-18,326,Ciudad de México,Santiago,264.6,1868.45,Devuelto,3
647,2025-11-25,327,Quito,Montevideo,104.5,473.14,En tránsito,7
648,2025-04-06,328,Montevideo,Quito,22.2,963.36,En tránsito,12
649,2025-11-07,322,Ciudad de México,Bogotá,189.3,1720.93,En tránsito,2
650,2026-08-14,320,Santiago,Ciudad de México,395.1,2862.97,En tránsito,16
651,2025-05-29,303,Quito,Bogotá,378.2,3829.08,En tránsito,4
652,2026-04-17,307,Buenos Aires,Bogotá,389.9,4535.75,En tránsito,2
653,2025-04-02,304,Quito,San José,110.6,2344.89,Entregado,5
654,2025-05-04,330,Buenos Aires,Ciudad de México,586.8,268.95,En tránsito,11
655,2026-03-25,322,Montevideo,Córdoba,885.8,1251.87,En tránsito,2
656,2026-03-18,310,Quito,Santiago,361.6,1313.74,Entregado,6
657,2025-11-05,315,San José,Montevideo,737.9,693.49,Retrasado,6
658,2025-01-24,304,Bogotá,Lima,750.5,4123.61,En tránsito,11
659,2025-12-01,328,Ciudad de México,Quito,932.9,968.76,Retrasado,13
660,2025-07-18,305,Ciudad de México,Quito,665.7,2251.02,Retrasado,13
661,2025-01-02,327,Bogotá,San José,765.2,1350.54,Retrasado,5
662,2026-05-24,325,Montevideo,Quito,782.4,4676.07,En tránsito,15
663,2025-07-15,304,Buenos Aires,Lima,403.0,2205.38,Retrasado,18
664,2025-05-14,312,Guadalajara,Lima,201.8,240.09,Entregado,5
665,2025-02-25,301,Buenos Aires,Medellín,401.6,2221.99,En tránsito,16
666,2025-10-12,308,Córdoba,Medellín,57.8,3626.48,Entregado,15
667,2026-03-18,324,Montevideo,Bogotá,405.2,3577.61,Devuelto,8
668,2026-06-28,305,Buenos Aires,Lima,617.8,5414.63,Retrasado,11
669,2025-01-08,309,Buenos Aires,San José,211.1,4285.16,Retrasado,2
670,2025-01-18,308,Ciudad de México,Bogotá,585.5,5455.24,Devuelto,16
671,2026-01-13,319,San José,Medellín,402.3,4738.09,Entregado,12
672,2025-12-23,315,Quito,San José,353.7,2597.01,En tránsito,8
673,2025-05-21,309,Medellín,Bogotá,795.0,1566.51,Devuelto,1
674,2025-03-02,304,Ciudad de México,Córdoba,730.8,4799.77,Entregado,2
675,2026-07-22,307,Ciudad de México,Guadalajara,218.7,2740.01,Retrasado,3
676,2026-06-13,316,Buenos Aires,Guadalajara,41.0,157.72,Entregado,12
677,2025-02-01,315,Bogotá,Buenos Aires,825.1,720.44,Retrasado,2
678,2026-06-05,315,Bogotá,Santiago,40.8,2761.54,En tránsito,2
679,2025-12-07,315,Montevideo,Santiago,76.2,362.97,Retrasado,12
680,2025-11-04,317,Lima,Medellín,189.9,2451.65,Entregado,7
681,2026-03-22,301,Ciudad de México,Quito,173.0,3227.61,Retrasado,15
682,2025-09-17,314,Montevideo,Guadalajara,471.6,1291.01,Entregado,11
683,2026-02-17,307,San José,Santiago,149.2,4874.41,Devuelto,9
684,2026-03-24,327,Guadalajara,Montevideo,782.1,547.29,Entregado,17
685,2025-01-20,308,Buenos Aires,Medellín,31.0,5880.55,Devuelto,14
686,2025-12-05,314,Bogotá,Lima,595.7,227.61,Entregado,4
687,2026-05-13,302,Medellín,Quito,633.4,815.99,Retrasado,2
688,2025-09-26,301,Montevideo,San José,556.5,3299.76,Entregado,9
689,2025-09-13,319,Ciudad de México,Monterrey,634.5,4269.76,Retrasado,6
690,2026-05-29,302,Lima,Quito,36.5,3570.7,Devuelto,13
691,2026-05-20,326,Quito,Córdoba,607.1,3916.32,En tránsito,15
692,2025-05-04,319,Medellín,San José,773.1,2342.75,Retrasado,4
693,2025-06-02,314,Guadalajara,Bogotá,205.9,1777.0,Entregado,16
694,2025-09-12,316,Quito,Lima,222.0,1111.24,Retrasado,14
695,2025-10-24,306,Santiago,Córdoba,553.9,5478.86,Devuelto,1
696,2025-06-19,303,Montevideo,Lima,839.3,5100.88,En tránsito,1
697,2026-06-12,307,Medellín,Ciudad de México,438.0,5432.13,En tránsito,4
698,2025-06-12,303,Guadalajara,Ciudad de México,627.9,3982.84,Retrasado,4
699,2025-08-29,328,Córdoba,Bogotá,351.2,4234.76,Devuelto,5
700,2026-04-01,329,Bogotá,Montevideo,914.4,4407.26,Retrasado,17
701,2026-02-13,301,Bogotá,Córdoba,849.5,1880.36,En tránsito,6
702,2025-12-31,325,Bogotá,Medellín,496.1,4445.68,En tránsito,15
703,2025-01-12,317,Monterrey,Medellín,512.4,445.35,Entregado,9
704,2026-05-01,318,Ciudad de México,Guadalajara,304.5,4026.18,En tránsito,7
705,2025-11-03,313,Quito,Bogotá,566.1,621.7,Entregado,6
706,2025-10-04,317,Medellín,San José,752.0,3631.42,Devuelto,18
707,2026-04-20,329,Córdoba,Buenos Aires,690.0,2401.26,Devuelto,2
708,2025-12-30,309,Ciudad de México,Quito,218.3,778.05,Entregado,14
709,2025-02-15,304,Monterrey,Guadalajara,469.9,3346.94,En tránsito,6
710,2026-07-21,316,Lima,San José,530.5,2053.18,Devuelto,12
711,2026-02-12,304,Medellín,Quito,173.0,3868.79,Devuelto,10
712,2026-01-28,327,Quito,Guadalajara,519.7,4344.5,Devuelto,1
713,2025-11-16,309,Medellín,Córdoba,144.5,2708.16,En tránsito,18
714,2025-05-26,311,Bogotá,Guadalajara,152.2,5605.83,En tránsito,14
715,2025-05-09,309,Córdoba,Montevideo,0.8,5808.55,En tránsito,9
716,2026-05-29,318,Guadalajara,Córdoba,216.9,323.24,Devuelto,5
717,2025-06-04,309,Guadalajara,Medellín,941.1,4537.14,Devuelto,3
718,2025-03-06,314,Ciudad de México,Quito,85.2,517.21,Entregado,8
719,2025-06-17,312,San José,Quito,948.7,5248.95,Devuelto,4
720,2026-02-22,308,Santiago,Medellín,849.8,2103.04,En tránsito,2
721,2026-07-24,330,Lima,Monterrey,485.7,2451.6,Entregado,6
722,2026-05-23,312,Lima,Montevideo,137.8,817.45,Entregado,14
723,2025-07-17,311,San José,Ciudad de México,662.3,1699.71,Devuelto,13
724,2026-05-11,328,Bogotá,Medellín,851.8,5593.64,Entregado,17
725,2026-07-06,305,Montevideo,Lima,544.8,3316.0,Entregado,18
726,2026-02-15,318,Montevideo,Ciudad de México,438.9,3342.83,Entregado,9
727,2026-02-28,303,Medellín,Lima,491.4,5972.04,En tránsito,11
728,2026-01-21,320,Buenos Aires,Guadalajara,899.9,3311.82,En tránsito,13
729,2026-03-27,323,Quito,Córdoba,296.4,3079.8,Retrasado,3
730,2025-09-25,311,Monterrey,Quito,930.0,4837.19,Entregado,4
731,2025-07-04,304,Quito,Buenos Aires,56.1,4149.72,Devuelto,12
732,2025-02-15,308,Montevideo,Guadalajara,334.0,496.67,Entregado,14
733,2025-08-21,322,Montevideo,Ciudad de México,791.0,3263.88,Devuelto,7
734,2026-02-25,314,Monterrey,Santiago,927.1,3913.9,Entregado,17
735,2026-01-17,319,Lima,Monterrey,569.7,2323.58,Entregado,2
736,2026-08-10,301,Quito,San José,286.4,884.45,Retrasado,6
737,2026-01-20,302,Lima,Guadalajara,648.4,1701.91,Devuelto,14
738,2025-12-01,316,Guadalajara,Ciudad de México,749.8,1631.81,Entregado,10
739,2026-05-17,311,Guadalajara,Monterrey,718.6,2092.31,Entregado,15
740,2025-08-15,326,Lima,Monterrey,183.1,3078.02,Entregado,14
741,2025-09-22,305,Santiago,Monterrey,759.1,5265.24,En tránsito,6
742,2025-10-24,325,Guadalajara,Monterrey,52.0,2427.22,Retrasado,12
743,2026-03-12,308,Ciudad de México,Montevideo,152.7,1185.49,En tránsito,5
744,2026-03-15,310,Buenos Aires,Medellín,916.1,2911.92,Devuelto,10
745,2025-03-10,313,Buenos Aires,Monterrey,370.9,693.65,En tránsito,9
746,2026-01-17,323,Bogotá,Montevideo,865.2,5122.58,Retrasado,18
747,2026-02-02,326,Córdoba,San José,943.7,116.23,Entregado,4
748,2026-02-10,316,Quito,Córdoba,457.4,3007.64,En tránsito,7
749,2026-08-15,328,Bogotá,Buenos Aires,566.0,5655.27,Devuelto,1
750,2025-05-19,330,Lima,Medellín,944.5,2498.61,Retrasado,6
751,2025-05-31,321,Guadalajara,Bogotá,694.1,5523.57,Entregado,7
752,2026-05-06,317,Lima,Santiago,325.4,2626.1,Devuelto,18
753,2025-12-25,302,Medellín,Córdoba,925.0,3842.5,Retrasado,9
754,2025-05-11,317,Buenos Aires,Lima,117.7,3380.35,En tránsito,17
755,2025-10-02,311,Lima,Monterrey,45.3,4080.86,Devuelto,9
756,2025-10-20,310,San José,Monterrey,619.8,2084.15,En tránsito,7
757,2025-05-24,328,Bogotá,Montevideo,897.3,992.65,Devuelto,10
758,2026-05-19,325,Córdoba,Quito,648.2,3755.08,Entregado,15
759,2025-09-06,315,Guadalajara,Santiago,631.4,3898.78,En tránsito,16
760,2026-07-23,306,Ciudad de México,Santiago,512.2,4135.69,Entregado,16
761,2026-07-10,312,Montevideo,Ciudad de México,58.2,5093.03,Devuelto,8
762,2025-12-03,327,Ciudad de México,Lima,679.2,1230.62,Devuelto,8
763,2026-05-31,311,Montevideo,Córdoba,788.3,1659.25,En tránsito,11
764,2025-01-13,328,Santiago,Lima,34.5,5531.33,Entregado,17
765,2026-03-28,303,Montevideo,Guadalajara,450.7,1776.71,Entregado,14
766,2025-09-18,312,Buenos Aires,Lima,242.0,4046.55,Retrasado,9
767,2026-06-29,309,Guadalajara,Ciudad de México,200.1,3247.67,Retrasado,3
768,2025-08-11,316,Quito,Montevideo,428.1,4722.93,Entregado,1
769,2025-11-25,321,San José,Montevideo,229.3,3606.88,En tránsito,18
770,2025-09-19,315,Córdoba,Montevideo,830.5,4433.22,Devuelto,17
771,2025-03-04,317,Buenos Aires,Quito,291.1,5912.88,Devuelto,5
772,2025-10-08,327,Medellín,Bogotá,797.8,4111.66,Retrasado,13
773,2026-07-08,308,Ciudad de México,Bogotá,710.4,2337.52,Retrasado,6
774,2026-07-25,309,Buenos Aires,Santiago,616.4,3586.97,En tránsito,17
775,2025-04-16,308,Santiago,Quito,143.8,747.36,Devuelto,1
776,2025-08-04,313,Buenos Aires,Quito,934.2,3141.12,Entregado,18
777,2025-05-30,330,Santiago,Buenos Aires,115.5,4911.99,Entregado,6
778,2025-01-17,308,Buenos Aires,Ciudad de México,60.3,3170.37,Devuelto,14
779,2025-01-31,313,Bogotá,Ciudad de México,482.8,3817.76,Devuelto,13
780,2025-03-27,304,Ciudad de México,Córdoba,777.0,1200.96,Devuelto,3
781,2026-07-21,310,Ciudad de México,Santiago,275.3,1970.4,En tránsito,3
782,2026-05-10,319,Córdoba,Ciudad de México,262.9,4715.59,En tránsito,7
783,2025-11-20,311,Lima,Guadalajara,790.5,4757.42,Entregado,1
784,2026-04-14,307,Montevideo,Ciudad de México,793.6,2473.32,En tránsito,1
785,2026-01-24,312,Lima,Monterrey,415.9,521.23,Entregado,2
786,2026-02-04,314,Guadalajara,San José,401.3,624.8,Entregado,13
787,2025-03-30,330,Monterrey,Lima,673.7,4248.15,En tránsito,10
788,2025-11-28,301,Medellín,Córdoba,96.0,3715.58,Retrasado,16
789,2025-01-16,302,Córdoba,Quito,349.2,3405.25,En tránsito,14
790,2025-10-29,314,Córdoba,Santiago,526.5,2317.29,Devuelto,6
791,2025-01-16,313,Quito,Medellín,501.8,3276.42,Entregado,16
792,2026-05-12,317,San José,Montevideo,742.6,510.08,Entregado,12
793,2025-07-04,326,Quito,Guadalajara,345.2,5075.85,Devuelto,13
794,2025-08-31,301,Montevideo,Quito,120.6,5664.15,En tránsito,14
795,2026-04-11,329,Montevideo,Monterrey,806.9,3815.87,En tránsito,13
796,2026-07-21,301,Lima,Bogotá,812.1,4585.43,Retrasado,5
797,2025-12-10,303,Medellín,Monterrey,485.2,5831.37,Entregado,15
798,2025-04-03,316,Medellín,Lima,637.6,896.78,Retrasado,13
799,2025-04-09,320,Buenos Aires,Bogotá,514.9,4799.63,En tránsito,9
800,2026-02-17,303,Quito,Montevideo,893.0,2659.6,En tránsito,6
