transaccion_id,fecha,cuenta_id,tipo_transaccion,monto,canal,moneda
1,2025-04-03,1018,Transferencia,7521.84,Web,ARS
2,2025-06-19,1065,Depósito,9943.55,Cajero,CLP
3,2026-08-03,1021,Retiro,8499.7,Cajero,USD
4,2026-05-15,1062,Pago,615.89,Cajero,MXN
5,2025-07-31,1034,Pago,3517.94,Sucursal,CLP
6,2025-02-10,1061,Transferencia,13224.46,Sucursal,MXN
7,2025-09-27,1067,Pago,12524.74,Cajero,CLP
8,2025-03-21,1049,Pago,8819.31,Sucursal,CLP
9,2025-12-20,1029,Compra,6093.57,Web,CLP
10,2025-05-23,1078,Depósito,7532.54,Web,COP
11,2025-10-15,1030,Depósito,7722.97,Cajero,COP
12,2025-05-02,1024,Retiro,5439.72,Cajero,CLP
13,2026-05-06,1043,Depósito,7227.93,Web,COP
14,2026-02-25,1076,Retiro,9712.42,App móvil,COP
15,2025-06-14,1006,Retiro,8606.56,Cajero,USD
16,2025-05-31,1066,Depósito,13363.06,App móvil,COP
17,2026-02-20,1034,Retiro,7754.44,App móvil,USD
18,2026-04-28,1037,Depósito,3256.74,Web,COP
19,2026-08-20,1029,Transferencia,9016.57,Cajero,PEN
20,2025-12-17,1066,Pago,2524.15,Web,PEN
21,2026-01-30,1076,Depósito,3454.91,Cajero,MXN
22,2026-06-01,1003,Retiro,7845.44,Web,COP
23,2025-02-09,1078,Depósito,2669.56,App móvil,MXN
24,2026-07-07,1062,Retiro,13530.75,App móvil,USD
25,2025-02-14,1056,Compra,6316.05,Web,COP
26,2026-08-13,1062,Transferencia,5264.26,App móvil,CLP
27,2025-08-27,1018,Pago,7162.35,App móvil,ARS
28,2025-07-13,1077,Compra,6135.61,App móvil,USD
29,2026-06-17,1001,Compra,7842.88,App móvil,CLP
30,2025-04-20,1027,Pago,6138.59,Cajero,CLP
31,2026-07-03,1075,Pago,3926.93,Web,PEN
32,2026-02-11,1047,Compra,4140.65,Cajero,CLP
33,2026-01-15,1071,Compra,7242.19,Web,ARS
34,2026-02-12,1040,Compra,5171.9,Cajero,USD
35,2025-06-15,1016,Retiro,6704.46,App móvil,COP
36,2026-07-18,1066,Transferencia,11793.36,App móvil,COP
37,2025-05-29,1050,Depósito,12067.5,Web,PEN
38,2025-08-16,1056,Depósito,970.57,Sucursal,MXN
39,2026-02-15,1078,Depósito,10870.18,Sucursal,USD
40,2025-06-29,1077,Depósito,14186.28,Web,CLP
41,2026-06-15,1002,Retiro,12760.01,Sucursal,COP
42,2025-08-26,1005,Compra,7663.11,Cajero,USD
43,2025-01-01,1005,Pago,3596.46,Cajero,MXN
44,2026-02-09,1036,Transferencia,5303.38,Web,PEN
45,2025-03-12,1026,Compra,240.34,App móvil,PEN
46,2025-12-23,1037,Compra,13725.98,Sucursal,ARS
47,2026-04-11,1029,Compra,14446.23,Web,PEN
48,2026-06-03,1001,Pago,2633.77,App móvil,PEN
49,2025-04-30,1010,Compra,4420.83,Sucursal,PEN
50,2026-01-22,1074,Pago,10415.94,Web,COP
51,2026-08-24,1044,Transferencia,10227.1,App móvil,CLP
52,2025-08-14,1015,Pago,1022.64,Cajero,ARS
53,2025-01-10,1053,Pago,7752.4,Sucursal,COP
54,2025-12-17,1037,Depósito,5989.97,App móvil,PEN
55,2025-08-12,1023,Transferencia,4714.95,Sucursal,COP
56,2025-08-29,1025,Transferencia,11059.31,Cajero,ARS
57,2025-09-13,1027,Retiro,3049.47,Sucursal,COP
58,2026-05-20,1014,Depósito,13803.62,App móvil,PEN
59,2025-11-19,1006,Transferencia,5574.24,Web,PEN
60,2026-06-08,1036,Transferencia,2751.25,Sucursal,CLP
61,2026-06-23,1029,Compra,1932.41,Web,CLP
62,2026-02-08,1070,Depósito,7542.1,Cajero,CLP
63,2025-01-09,1016,Compra,6906.46,App móvil,USD
64,2025-11-30,1027,Transferencia,8719.31,Sucursal,PEN
65,2025-08-31,1034,Retiro,8232.97,Sucursal,CLP
66,2026-05-26,1079,Pago,5495.2,Web,COP
67,2026-02-15,1054,Pago,5482.52,Sucursal,CLP
68,2026-08-13,1024,Compra,1975.78,Cajero,MXN
69,2026-01-26,1035,Retiro,8334.55,Cajero,COP
70,2025-06-30,1020,Transferencia,12086.97,Web,CLP
71,2025-11-20,1018,Compra,8014.4,Web,ARS
72,2025-02-18,1033,Compra,12878.94,Web,MXN
73,2025-09-18,1021,Depósito,3239.86,Web,USD
74,2025-09-24,1013,Transferencia,11171.45,Sucursal,ARS
75,2025-09-21,1072,Compra,13978.35,Sucursal,MXN
76,2025-07-23,1053,Depósito,5272.85,Cajero,ARS
77,2026-05-15,1046,Pago,10101.16,Web,MXN
78,2025-05-29,1049,Compra,4304.99,Cajero,USD
79,2026-08-09,1044,Transferencia,9472.79,Web,MXN
80,2025-11-18,1011,Retiro,5160.95,Sucursal,USD
81,2026-02-09,1038,Pago,9084.72,Sucursal,CLP
82,2026-04-07,1047,Compra,7818.83,Web,COP
83,2025-08-29,1024,Depósito,1884.35,Sucursal,USD
84,2025-04-16,1011,Retiro,2511.99,App móvil,MXN
85,2026-02-11,1061,Compra,816.84,App móvil,MXN
86,2026-02-04,1034,Compra,2337.56,Sucursal,COP
87,2025-05-10,1032,Pago,6652.97,Cajero,PEN
88,2026-01-01,1022,Depósito,536.97,Sucursal,CLP
89,2026-07-16,1060,Compra,14023.51,Web,COP
90,2026-04-13,1070,Retiro,8866.56,Web,PEN
91,2026-05-09,1069,Pago,13634.76,Cajero,MXN
92,2025-09-24,1057,Pago,5493.09,Cajero,ARS
93,2025-05-20,1002,Depósito,7854.51,Sucursal,ARS
94,2026-05-19,1061,Compra,134.67,Web,ARS
95,2025-08-25,1002,Transferencia,11971.49,App móvil,PEN
96,2026-07-29,1048,Retiro,6181.92,Web,CLP
97,2026-02-04,1032,Retiro,10726.92,Web,COP
98,2025-09-03,1034,Depósito,6339.37,Sucursal,ARS
99,2025-03-12,1069,Pago,6199.43,Cajero,COP
100,2026-04-09,1038,Depósito,9557.02,Sucursal,USD
101,2025-01-20,1080,Transferencia,2824.96,Cajero,MXN
102,2025-04-15,1069,Depósito,2797.2,Sucursal,ARS
103,2025-08-27,1017,Transferencia,10909.33,App móvil,COP
104,2026-03-07,1002,Transferencia,3265.65,Sucursal,CLP
105,2025-02-02,1048,Transferencia,10457.05,Sucursal,MXN
106,2026-02-06,1019,Depósito,4004.89,App móvil,PEN
107,2025-09-14,1061,Retiro,2890.96,Web,MXN
108,2026-03-30,1016,Retiro,5778.12,Cajero,USD
109,2025-04-07,1005,Retiro,6917.91,Cajero,CLP
110,2025-06-12,1050,Pago,14043.87,App móvil,USD
111,2026-05-08,1071,Compra,1840.9,Sucursal,COP
112,2025-08-12,1047,Depósito,12956.23,App móvil,COP
113,2025-10-10,1056,Pago,235.86,App móvil,CLP
114,2026-08-19,1032,Depósito,14532.84,Web,USD
115,2025-04-02,1077,Retiro,5577.27,Cajero,COP
116,2025-12-13,1064,Depósito,10292.31,App móvil,MXN
117,2025-04-20,1046,Retiro,10522.91,Cajero,CLP
118,2025-12-22,1030,Pago,14725.32,Web,USD
119,2026-01-02,1025,Depósito,10341.86,Cajero,ARS
120,2026-07-27,1006,Transferencia,10602.32,Sucursal,PEN
121,2026-07-11,1063,Retiro,8504.86,Sucursal,ARS
122,2026-07-22,1060,Pago,13016.25,Cajero,MXN
123,2025-09-27,1068,Retiro,6746.27,Sucursal,CLP
124,2025-07-09,1001,Compra,5691.86,App móvil,PEN
125,2025-03-06,1047,Compra,3589.41,Web,COP
126,2025-06-07,1068,Transferencia,11488.35,Sucursal,ARS
127,2026-06-20,1053,Pago,1665.86,App móvil,MXN
128,2025-07-26,1017,Retiro,13103.66,App móvil,CLP
129,2026-02-02,1025,Depósito,486.94,Web,PEN
130,2026-01-11,1080,Compra,3846.52,Cajero,PEN
131,2025-08-02,1010,Depósito,13953.86,Web,MXN
132,2026-03-02,1060,Depósito,5420.28,Sucursal,USD
133,2025-02-11,1008,Compra,3994.58,App móvil,ARS
134,2025-04-10,1010,Retiro,14409.2,App móvil,USD
135,2025-07-17,1030,Compra,5786.11,Cajero,PEN
136,2026-03-02,1023,Compra,11240.42,App móvil,USD
137,2026-03-14,1074,Pago,10120.64,App móvil,COP
138,2025-12-12,1024,Compra,6029.34,Cajero,PEN
139,2025-11-19,1077,Transferencia,14003.46,Sucursal,ARS
140,2025-11-28,1053,Transferencia,12394.06,Cajero,PEN
141,2026-07-18,1070,Retiro,5632.2,Sucursal,ARS
142,2025-01-01,1058,Transferencia,14397.77,App móvil,ARS
143,2025-11-06,1077,Depósito,7768.96,App móvil,ARS
144,2025-01-23,1029,Retiro,12837.25,Sucursal,PEN
145,2026-08-09,1066,Compra,8564.32,Cajero,MXN
146,2025-05-22,1005,Transferencia,5341.28,Sucursal,ARS
147,2025-11-04,1075,Retiro,3502.58,App móvil,PEN
148,2025-03-21,1052,Compra,13769.05,Sucursal,CLP
149,2026-08-14,1023,Transferencia,12387.32,App móvil,PEN
150,2026-08-14,1039,Depósito,10964.53,Web,MXN
151,2026-03-21,1008,Pago,5225.47,Web,MXN
152,2026-01-27,1030,Compra,13930.51,App móvil,ARS
153,2026-08-02,1068,Depósito,4796.55,Cajero,ARS
154,2026-02-07,1065,Retiro,2306.43,Web,PEN
155,2026-03-19,1074,Compra,1360.34,Sucursal,CLP
156,2026-05-03,1019,Retiro,5049.16,App móvil,PEN
157,2026-05-29,1052,Pago,1285.33,Web,USD
158,2025-07-22,1017,Retiro,7219.03,Web,CLP
159,2026-06-21,1074,Retiro,8421.9,Cajero,COP
160,2025-11-28,1010,Pago,11653.81,App móvil,MXN
161,2025-07-15,1053,Transferencia,5485.36,Sucursal,ARS
162,2025-06-23,1077,Depósito,11547.52,Sucursal,PEN
163,2025-02-15,1057,Compra,2195.82,Cajero,COP
164,2025-03-29,1048,Retiro,11368.43,App móvil,USD
165,2025-06-01,1007,Retiro,14234.62,Sucursal,MXN
166,2026-04-28,1044,Depósito,4583.72,App móvil,ARS
167,2026-07-14,1027,Compra,3186.01,Sucursal,PEN
168,2025-05-25,1062,Compra,10951.55,App móvil,CLP
169,2025-06-24,1075,Compra,661.8,App móvil,ARS
170,2026-04-22,1026,Compra,4076.51,App móvil,MXN
171,2026-01-04,1050,Pago,9948.09,App móvil,MXN
172,2026-01-25,1038,Transferencia,3475.22,App móvil,ARS
173,2025-07-10,1063,Compra,7978.09,Cajero,PEN
174,2025-01-23,1059,Compra,13895.99,App móvil,COP
175,2026-02-07,1068,Pago,5010.21,Cajero,MXN
176,2025-11-06,1045,Pago,5337.12,Cajero,PEN
177,2026-02-01,1036,Depósito,9390.63,App móvil,PEN
178,2026-02-07,1036,Retiro,2284.11,Cajero,MXN
179,2025-08-21,1049,Compra,14409.48,Web,COP
180,2025-11-16,1074,Retiro,6402.71,Sucursal,CLP
181,2025-05-22,1070,Retiro,3109.29,Cajero,COP
182,2026-03-17,1040,Compra,13644.35,Cajero,USD
183,2026-07-25,1073,Retiro,4769.27,App móvil,COP
184,2025-11-23,1041,Retiro,10908.92,Web,CLP
185,2025-10-08,1039,Transferencia,11186.69,Cajero,COP
186,2025-10-01,1014,Retiro,2779.35,Cajero,PEN
187,2026-01-03,1030,Retiro,10313.79,App móvil,USD
188,2026-04-26,1062,Retiro,7539.85,Sucursal,COP
189,2025-06-17,1050,Transferencia,7112.97,Cajero,COP
190,2025-01-16,1005,Transferencia,11470.44,Sucursal,CLP
191,2025-03-09,1029,Retiro,11369.07,Cajero,CLP
192,2026-04-14,1079,Transferencia,10321.06,Cajero,CLP
193,2026-01-25,1052,Depósito,9122.87,Sucursal,CLP
194,2026-06-22,1079,Compra,8911.15,App móvil,PEN
195,2025-02-13,1014,Transferencia,6858.94,Cajero,PEN
196,2025-02-10,1069,Transferencia,14757.62,Web,PEN
197,2026-02-12,1007,Retiro,4374.78,Sucursal,ARS
198,2025-02-25,1060,Retiro,6342.71,Cajero,CLP
199,2025-04-26,1058,Depósito,10842.48,Cajero,PEN
200,2025-11-28,1070,Retiro,5902.07,Web,MXN
201,2025-07-26,1023,Transferencia,8858.83,Web,MXN
202,2025-06-17,1033,Pago,10378.84,App móvil,MXN
203,2025-03-29,1015,Transferencia,9514.75,Web,USD
204,2026-01-23,1066,Compra,14246.81,Web,MXN
205,2025-06-03,1022,Pago,8486.72,Cajero,COP
206,2025-11-13,1023,Depósito,6299.53,Web,ARS
207,2025-07-27,1024,Depósito,13479.14,App móvil,PEN
208,2026-05-26,1033,Depósito,6885.05,App móvil,PEN
209,2026-05-03,1064,Retiro,3260.94,Web,CLP
210,2025-01-07,1057,Depósito,9022.24,Cajero,PEN
211,2025-08-01,1036,Compra,9433.25,App móvil,COP
212,2025-02-07,1019,Depósito,9802.62,Cajero,MXN
213,2025-03-31,1074,Compra,4483.64,App móvil,MXN
214,2025-10-19,1054,Retiro,2428.42,Cajero,CLP
215,2025-04-06,1075,Pago,13972.88,Sucursal,ARS
216,2026-03-14,1048,Transferencia,12305.77,App móvil,ARS
217,2025-10-09,1061,Retiro,1839.13,Sucursal,PEN
218,2025-08-03,1053,Compra,3155.58,App móvil,MXN
219,2026-05-11,1074,Compra,14807.97,Sucursal,CLP
220,2026-08-12,1078,Pago,3902.3,Sucursal,COP
221,2026-05-25,1079,Compra,7450.99,Web,COP
222,2025-07-18,1079,Retiro,10631.72,App móvil,MXN
223,2025-05-01,1004,Transferencia,9385.66,Cajero,PEN
224,2025-12-25,1054,Transferencia,691.93,Cajero,MXN
225,2025-03-11,1026,Pago,3823.72,Sucursal,ARS
226,2025-01-07,1065,Compra,4865.62,App móvil,USD
227,2026-08-06,1043,Pago,5946.78,App móvil,COP
228,2026-05-06,1025,Pago,12509.04,Web,MXN
229,2026-04-17,1018,Transferencia,2339.24,Sucursal,CLP
230,2025-11-03,1053,Depósito,12528.23,Sucursal,PEN
231,2025-12-06,1069,Depósito,3131.85,Sucursal,MXN
232,2025-12-14,1020,Pago,12612.68,Web,USD
233,2026-02-03,1069,Retiro,8569.01,Cajero,PEN
234,2025-11-19,1015,Pago,10581.94,App móvil,ARS
235,2025-09-01,1053,Depósito,7460.85,Sucursal,CLP
236,2025-06-29,1039,Retiro,7881.26,App móvil,ARS
237,2026-03-31,1005,Retiro,13701.17,App móvil,CLP
238,2026-05-11,1065,Retiro,2861.27,Sucursal,ARS
239,2026-06-13,1019,Depósito,12333.86,Cajero,COP
240,2026-06-19,1005,Transferencia,5819.95,App móvil,MXN
241,2025-03-31,1040,Depósito,10308.91,Sucursal,CLP
242,2025-11-16,1006,Depósito,7813.46,App móvil,PEN
243,2025-07-17,1040,Retiro,4820.0,Sucursal,ARS
244,2025-05-01,1069,Pago,11594.08,Sucursal,COP
245,2026-07-28,1021,Pago,1725.76,App móvil,COP
246,2025-10-05,1070,Pago,8244.99,Cajero,USD
247,2025-03-14,1037,Compra,3679.93,Sucursal,PEN
248,2025-05-14,1044,Compra,6660.28,App móvil,CLP
249,2025-03-30,1007,Depósito,5760.16,Web,CLP
250,2026-04-02,1023,Compra,13370.23,Sucursal,ARS
251,2026-07-01,1043,Retiro,10696.35,App móvil,CLP
252,2026-04-25,1073,Retiro,1402.81,App móvil,CLP
253,2025-08-18,1040,Transferencia,7063.48,Cajero,PEN
254,2025-12-05,1034,Pago,5887.23,Sucursal,CLP
255,2025-04-26,1063,Depósito,989.82,Sucursal,CLP
256,2025-12-23,1060,Retiro,4241.04,Cajero,PEN
257,2025-04-20,1014,Transferencia,12265.12,Sucursal,PEN
258,2026-02-15,1010,Pago,7995.86,Web,COP
259,2026-05-09,1080,Retiro,8223.76,Web,MXN
260,2026-03-18,1044,Retiro,12210.6,Web,PEN
261,2025-06-27,1044,Compra,10415.06,App móvil,USD
262,2026-04-20,1074,Transferencia,1723.7,Sucursal,PEN
263,2026-02-20,1013,Transferencia,2650.85,App móvil,PEN
264,2026-01-24,1014,Compra,11572.44,Sucursal,CLP
265,2025-05-23,1008,Depósito,3272.0,App móvil,COP
266,2026-02-04,1020,Transferencia,7973.52,Web,COP
267,2025-11-08,1027,Pago,4503.03,Web,USD
268,2026-06-07,1045,Depósito,8745.08,Web,COP
269,2026-07-17,1038,Depósito,5544.65,App móvil,MXN
270,2025-10-16,1072,Pago,1654.38,App móvil,COP
271,2025-11-22,1056,Compra,5920.08,Web,CLP
272,2025-06-27,1049,Transferencia,8181.33,Web,COP
273,2026-01-04,1025,Compra,5775.08,Web,COP
274,2025-03-15,1037,Retiro,2022.82,App móvil,COP
275,2025-05-20,1063,Transferencia,14624.88,App móvil,COP
276,2026-03-12,1054,Transferencia,13404.8,Cajero,CLP
277,2026-04-06,1066,Transferencia,8285.23,Web,ARS
278,2025-01-08,1029,Retiro,6377.33,Web,USD
279,2026-07-14,1031,Compra,4046.06,Sucursal,MXN
280,2026-01-13,1005,Compra,7254.19,App móvil,PEN
281,2026-06-24,1062,Depósito,2139.89,Sucursal,CLP
282,2025-04-01,1067,Depósito,7855.12,Cajero,CLP
283,2025-11-16,1010,Compra,11973.49,App móvil,ARS
284,2026-06-09,1069,Depósito,7038.34,Web,PEN
285,2025-10-29,1043,Transferencia,5300.19,Sucursal,COP
286,2026-08-01,1005,Compra,11243.88,Sucursal,MXN
287,2025-02-22,1061,Compra,2544.5,Sucursal,USD
288,2025-03-26,1080,Depósito,4309.37,Cajero,PEN
289,2025-10-15,1010,Pago,3788.24,Sucursal,ARS
290,2025-06-04,1002,Depósito,9061.28,Web,ARS
291,2025-08-30,1023,Pago,11740.09,Web,COP
292,2025-03-28,1068,Depósito,5149.29,Cajero,PEN
293,2026-02-27,1020,Transferencia,11293.89,Web,COP
294,2025-12-20,1057,Retiro,3170.74,App móvil,USD
295,2026-04-21,1034,Depósito,797.32,Web,CLP
296,2026-06-30,1039,Transferencia,11194.8,Cajero,CLP
297,2026-06-28,1050,Transferencia,3946.75,Web,MXN
298,2025-11-20,1037,Transferencia,5736.24,App móvil,MXN
299,2026-03-19,1069,Pago,14343.19,Sucursal,ARS
300,2025-09-19,1035,Pago,12036.72,Web,CLP
301,2026-06-17,1031,Compra,11559.75,Sucursal,USD
302,2025-01-09,1024,Pago,8218.71,App móvil,MXN
303,2026-04-02,1053,Depósito,7883.71,Sucursal,COP
304,2025-01-25,1037,Pago,2904.26,App móvil,MXN
305,2025-05-05,1077,Retiro,14257.83,App móvil,MXN
306,2026-08-03,1078,Retiro,5645.62,Cajero,MXN
307,2025-03-19,1024,Pago,4425.58,Web,ARS
308,2025-03-17,1055,Pago,3867.48,Sucursal,MXN
309,2025-03-03,1049,Transferencia,4996.49,Sucursal,ARS
310,2025-07-25,1023,Transferencia,1050.28,Web,COP
311,2026-03-18,1063,Depósito,2166.65,Cajero,PEN
312,2025-04-16,1014,Transferencia,10733.85,App móvil,MXN
313,2026-04-02,1010,Compra,10915.9,App móvil,CLP
314,2026-02-04,1020,Depósito,13994.08,Sucursal,COP
315,2026-06-12,1043,Transferencia,8623.86,Web,CLP
316,2025-03-13,1056,Transferencia,12662.3,Cajero,MXN
317,2026-07-03,1050,Transferencia,1826.84,Sucursal,ARS
318,2025-04-03,1039,Transferencia,837.37,Sucursal,PEN
319,2025-10-24,1044,Depósito,12619.31,Cajero,COP
320,2025-07-15,1071,Depósito,14513.02,Sucursal,USD
321,2026-01-03,1050,Depósito,9462.95,Web,MXN
322,2025-07-17,1057,Retiro,2107.74,App móvil,USD
323,2025-03-06,1076,Retiro,7343.6,Sucursal,CLP
324,2025-01-17,1069,Transferencia,14498.95,App móvil,ARS
325,2025-02-13,1008,Pago,11818.8,Web,MXN
326,2026-07-04,1028,Compra,6880.97,Cajero,USD
327,2025-02-07,1075,Retiro,13872.99,Cajero,CLP
328,2025-02-16,1003,Transferencia,13608.61,Cajero,USD
329,2025-02-21,1017,Depósito,2592.01,Sucursal,MXN
330,2025-03-07,1059,Compra,2568.63,App móvil,MXN
331,2025-08-14,1064,Compra,11989.64,App móvil,COP
332,2026-02-16,1055,Pago,12174.7,Sucursal,MXN
333,2025-08-07,1074,Compra,2068.57,App móvil,PEN
334,2025-10-08,1023,Pago,957.7,Cajero,CLP
335,2026-03-26,1022,Pago,8305.58,Cajero,PEN
336,2026-01-21,1006,Retiro,1508.52,Cajero,MXN
337,2025-07-03,1063,Depósito,105.18,App móvil,USD
338,2026-05-03,1076,Pago,6249.17,Cajero,COP
339,2026-02-26,1019,Pago,7851.07,Cajero,COP
340,2026-05-27,1079,Depósito,8948.12,App móvil,USD
341,2026-07-26,1039,Pago,6287.6,Cajero,COP
342,2026-01-06,1016,Compra,14652.1,Cajero,CLP
343,2025-04-26,1027,Pago,805.5,Cajero,USD
344,2025-02-14,1061,Transferencia,2653.09,App móvil,USD
345,2025-09-15,1047,Pago,3151.75,Sucursal,PEN
346,2025-02-23,1059,Depósito,1575.27,Cajero,COP
347,2025-03-14,1004,Transferencia,7728.41,Cajero,USD
348,2026-03-06,1057,Compra,8700.63,Cajero,USD
349,2025-11-30,1042,Retiro,11686.84,Cajero,MXN
350,2026-01-20,1031,Transferencia,13049.6,Cajero,MXN
351,2026-03-23,1061,Compra,7271.27,Cajero,COP
352,2026-01-18,1079,Transferencia,2679.13,Cajero,CLP
353,2025-07-27,1025,Pago,14633.58,Sucursal,COP
354,2025-05-20,1005,Compra,904.18,App móvil,CLP
355,2025-12-18,1059,Transferencia,2576.31,Cajero,ARS
356,2025-06-24,1078,Retiro,11845.31,Cajero,MXN
357,2025-08-10,1053,Compra,7343.31,Web,CLP
358,2025-09-10,1036,Depósito,10952.97,Cajero,ARS
359,2025-06-02,1056,Compra,3343.88,App móvil,CLP
360,2026-06-01,1006,Depósito,14869.19,App móvil,CLP
361,2025-04-11,1068,Transferencia,7194.25,Web,CLP
362,2025-01-13,1031,Depósito,8381.72,Web,COP
363,2025-04-03,1017,Pago,4443.9,App móvil,CLP
364,2026-08-08,1040,Retiro,10552.53,App móvil,CLP
365,2026-02-20,1060,Retiro,13114.24,Cajero,ARS
366,2025-03-14,1060,Depósito,12907.14,Web,USD
367,2026-03-13,1043,Compra,500.39,Sucursal,USD
368,2025-08-01,1079,Compra,8632.69,App móvil,PEN
369,2026-01-08,1043,Depósito,7725.9,App móvil,MXN
370,2025-02-11,1050,Pago,6985.64,Sucursal,ARS
371,2026-07-29,1023,Compra,10576.06,Cajero,COP
372,2026-05-05,1043,Retiro,8099.11,Cajero,USD
373,2025-10-01,1029,Pago,5297.15,Web,ARS
374,2026-04-09,1007,Depósito,5598.48,Web,PEN
375,2026-06-29,1068,Depósito,7057.76,Sucursal,CLP
376,2025-03-09,1080,Pago,12000.56,Cajero,CLP
377,2025-07-03,1012,Depósito,5866.33,Sucursal,MXN
378,2025-06-01,1014,Retiro,4146.38,Web,COP
379,2025-01-24,1027,Compra,14282.05,Sucursal,CLP
380,2026-03-07,1070,Retiro,7113.83,Web,USD
381,2025-01-23,1003,Pago,2844.02,Cajero,PEN
382,2025-12-01,1043,Transferencia,8684.78,Web,PEN
383,2025-11-08,1068,Compra,6684.39,Cajero,ARS
384,2026-01-16,1022,Pago,3409.46,Sucursal,MXN
385,2025-06-20,1019,Pago,4272.89,Cajero,USD
386,2025-06-29,1069,Pago,2742.38,Cajero,COP
387,2025-11-21,1031,Depósito,626.86,Cajero,CLP
388,2026-07-30,1034,Pago,2775.6,App móvil,USD
389,2026-04-05,1041,Pago,2227.68,Cajero,PEN
390,2026-02-19,1039,Depósito,13807.31,Web,COP
391,2026-07-14,1059,Pago,2349.24,Sucursal,USD
392,2026-08-11,1038,Transferencia,13440.7,Cajero,PEN
393,2026-05-06,1057,Pago,10340.31,App móvil,COP
394,2026-02-16,1071,Depósito,4628.15,Cajero,CLP
395,2025-07-19,1046,Depósito,4902.23,Cajero,ARS
396,2026-04-02,1026,Depósito,1263.01,App móvil,PEN
397,2026-06-08,1051,Retiro,7362.08,App móvil,USD
398,2026-03-14,1047,Transferencia,2227.71,Sucursal,CLP
399,2025-12-26,1048,Depósito,4276.91,Sucursal,CLP
400,2026-03-31,1072,Depósito,3243.27,Web,CLP
401,2026-03-11,1037,Retiro,12087.04,Web,COP
402,2025-08-01,1076,Compra,1300.31,Sucursal,CLP
403,2026-01-20,1068,Pago,1001.08,App móvil,MXN
404,2026-07-24,1053,Pago,6223.57,Web,USD
405,2026-01-26,1073,Retiro,2996.87,Sucursal,PEN
406,2025-11-06,1063,Depósito,12343.76,Sucursal,CLP
407,2025-01-03,1072,Transferencia,3375.56,Cajero,ARS
408,2025-10-22,1039,Transferencia,1871.41,Web,COP
409,2025-10-11,1063,Retiro,436.35,Web,MXN
410,2026-08-03,1077,Pago,8720.18,Web,ARS
411,2026-08-13,1061,Depósito,5604.3,App móvil,ARS
412,2025-11-24,1021,Compra,887.07,Web,USD
413,2025-10-07,1018,Pago,2458.0,Sucursal,CLP
414,2026-06-27,1046,Depósito,4354.94,App móvil,PEN
415,2025-06-21,1025,Retiro,11472.69,Sucursal,ARS
416,2026-01-07,1039,Pago,10284.8,App móvil,PEN
417,2025-01-14,1075,Pago,12351.49,Cajero,PEN
418,2026-02-26,1037,Pago,11684.33,Sucursal,COP
419,2025-08-15,1014,Retiro,2326.78,Cajero,PEN
420,2026-07-19,1079,Compra,12692.59,App móvil,CLP
421,2025-05-15,1059,Depósito,1757.32,App móvil,CLP
422,2025-05-23,1045,Pago,10368.85,Web,PEN
423,2025-11-08,1067,Pago,2591.39,App móvil,USD
424,2025-05-26,1016,Retiro,1939.43,Cajero,ARS
425,2025-03-22,1017,Retiro,1961.97,Web,USD
426,2026-05-11,1015,Depósito,291.91,Web,MXN
427,2026-06-10,1026,Depósito,501.56,App móvil,CLP
428,2025-11-05,1016,Pago,658.79,App móvil,MXN
429,2025-07-24,1016,Compra,3088.96,Cajero,USD
430,2025-10-12,1045,Depósito,1370.78,Sucursal,ARS
431,2025-09-05,1021,Compra,11714.22,App móvil,MXN
432,2025-07-16,1075,Depósito,7937.29,Sucursal,COP
433,2025-04-12,1069,Depósito,14603.96,Cajero,PEN
434,2025-07-09,1061,Pago,10475.01,Web,USD
435,2026-01-24,1014,Retiro,12522.78,Web,COP
436,2025-11-18,1066,Retiro,6119.59,App móvil,CLP
437,2026-01-05,1015,Compra,2047.33,Sucursal,PEN
438,2025-04-29,1006,Depósito,4928.45,Web,ARS
439,2026-03-31,1059,Compra,11045.25,Cajero,PEN
440,2026-03-15,1053,Pago,14774.59,Cajero,MXN
441,2026-05-19,1061,Pago,2697.67,App móvil,CLP
442,2025-03-29,1057,Compra,9881.64,App móvil,COP
443,2025-04-15,1051,Transferencia,10428.61,Cajero,MXN
444,2026-02-18,1047,Retiro,5086.09,App móvil,COP
445,2026-08-19,1055,Transferencia,4184.99,Sucursal,USD
446,2026-02-19,1052,Pago,7142.64,Web,PEN
447,2025-04-21,1036,Retiro,11522.31,App móvil,ARS
448,2025-05-18,1063,Transferencia,3470.02,App móvil,MXN
449,2025-01-28,1007,Depósito,7477.04,Cajero,CLP
450,2025-04-09,1078,Pago,2299.52,App móvil,USD
451,2025-07-26,1067,Transferencia,11893.04,Sucursal,USD
452,2026-07-10,1064,Transferencia,7576.87,Sucursal,PEN
453,2025-02-02,1070,Depósito,14289.18,Web,MXN
454,2026-01-21,1050,Transferencia,4725.24,Web,CLP
455,2025-11-07,1005,Depósito,2661.27,Cajero,CLP
456,2026-02-03,1056,Retiro,4693.77,Web,MXN
457,2026-07-07,1073,Transferencia,9904.58,Web,CLP
458,2026-02-05,1072,Retiro,7605.21,Sucursal,CLP
459,2025-12-28,1076,Transferencia,9257.93,Sucursal,ARS
460,2025-05-12,1008,Depósito,8861.05,Sucursal,ARS
461,2025-12-16,1075,Depósito,11480.26,Web,MXN
462,2026-02-26,1055,Pago,14879.26,Sucursal,MXN
463,2025-11-16,1032,Retiro,3526.99,App móvil,USD
464,2025-06-23,1009,Pago,1725.92,App móvil,PEN
465,2026-03-09,1042,Depósito,6919.03,Web,ARS
466,2025-11-21,1003,Transferencia,8823.96,Web,PEN
467,2026-05-16,1050,Pago,8592.35,App móvil,USD
468,2025-12-14,1027,Pago,7456.0,Cajero,PEN
469,2025-07-26,1039,Pago,14541.72,Web,USD
470,2025-09-29,1010,Compra,3219.06,App móvil,ARS
471,2025-04-05,1074,Transferencia,12071.0,App móvil,PEN
472,2026-06-28,1044,Pago,1018.37,Web,CLP
473,2025-11-06,1027,Pago,11936.82,Sucursal,CLP
474,2026-02-16,1070,Pago,3009.15,Sucursal,PEN
475,2026-07-15,1066,Transferencia,10076.69,Cajero,MXN
476,2025-08-07,1067,Retiro,8656.88,Web,ARS
477,2026-03-21,1069,Compra,12793.09,App móvil,PEN
478,2025-09-04,1026,Pago,6942.68,Cajero,USD
479,2025-03-07,1039,Transferencia,6159.8,Cajero,CLP
480,2025-09-20,1035,Pago,9694.18,Cajero,CLP
481,2025-01-29,1031,Depósito,2257.93,Cajero,ARS
482,2026-03-23,1060,Transferencia,8401.78,Web,USD
483,2025-05-20,1005,Retiro,2398.78,App móvil,ARS
484,2025-02-13,1036,Compra,2648.02,Web,MXN
485,2025-11-02,1008,Depósito,4715.43,App móvil,CLP
486,2025-05-24,1047,Depósito,5959.46,Cajero,MXN
487,2026-06-19,1074,Compra,13994.7,Sucursal,CLP
488,2025-11-17,1012,Retiro,9001.32,Sucursal,PEN
489,2025-08-12,1050,Retiro,14033.15,Cajero,MXN
490,2026-03-27,1023,Retiro,14549.15,Web,ARS
491,2026-01-19,1076,Depósito,7360.48,App móvil,ARS
492,2025-09-10,1070,Transferencia,7128.06,Sucursal,COP
493,2025-11-12,1047,Transferencia,10737.91,App móvil,USD
494,2025-02-25,1078,Depósito,12623.68,Cajero,ARS
495,2026-01-07,1071,Transferencia,4645.93,App móvil,PEN
496,2026-02-07,1031,Transferencia,5833.18,Sucursal,ARS
497,2025-06-14,1012,Retiro,4468.37,Web,USD
498,2025-10-08,1041,Transferencia,11841.87,App móvil,CLP
499,2025-12-07,1061,Transferencia,13898.19,Web,MXN
500,2025-12-27,1021,Pago,7599.95,Web,PEN
501,2025-01-29,1071,Pago,6804.39,App móvil,USD
502,2025-05-20,1024,Transferencia,11867.38,App móvil,CLP
503,2025-03-26,1026,Pago,4712.69,App móvil,COP
504,2025-05-14,1032,Compra,10706.32,Web,ARS
505,2025-05-17,1058,Transferencia,13103.85,Sucursal,COP
506,2025-07-23,1076,Pago,11994.93,App móvil,CLP
507,2026-01-22,1048,Retiro,5908.48,Cajero,MXN
508,2025-08-23,1003,Compra,9710.13,App móvil,CLP
509,2025-06-22,1026,Pago,10521.9,App móvil,CLP
510,2025-06-02,1080,Transferencia,9009.89,App móvil,ARS
511,2026-06-23,1022,Compra,1769.08,Web,CLP
512,2025-07-28,1064,Depósito,3375.01,Cajero,ARS
513,2026-03-18,1037,Transferencia,5737.28,Cajero,PEN
514,2025-07-13,1028,Pago,10903.35,Web,COP
515,2025-09-26,1053,Retiro,441.31,Cajero,PEN
516,2026-04-15,1058,Retiro,5550.87,App móvil,MXN
517,2026-02-12,1061,Retiro,13072.94,Cajero,USD
518,2025-09-20,1050,Transferencia,11044.2,App móvil,MXN
519,2025-08-29,1072,Depósito,791.17,Web,ARS
520,2025-02-16,1078,Compra,10646.39,App móvil,ARS
521,2026-02-09,1065,Compra,5720.26,Sucursal,COP
522,2025-09-24,1072,Depósito,8711.5,Cajero,PEN
523,2025-05-16,1064,Pago,13169.67,App móvil,ARS
524,2025-04-30,1068,Transferencia,2135.52,Sucursal,MXN
525,2025-10-15,1017,Transferencia,13076.48,Sucursal,CLP
526,2025-09-28,1037,Pago,9197.84,Sucursal,CLP
527,2026-05-19,1022,Pago,11055.67,Cajero,PEN
528,2025-02-25,1057,Depósito,2841.91,Cajero,COP
529,2026-04-24,1005,Transferencia,3910.76,Web,MXN
530,2026-07-29,1064,Depósito,6628.38,Web,CLP
531,2025-06-01,1064,Depósito,12689.12,App móvil,ARS
532,2025-07-04,1012,Retiro,13023.91,Cajero,USD
533,2026-08-23,1066,Pago,8453.08,Cajero,PEN
534,2025-07-04,1001,Compra,11505.05,Web,MXN
535,2025-12-03,1032,Transferencia,10156.86,App móvil,ARS
536,2025-04-19,1016,Transferencia,5609.64,Sucursal,COP
537,2026-05-07,1004,Depósito,6908.9,Web,USD
538,2025-12-04,1035,Compra,9873.51,App móvil,USD
539,2026-08-06,1080,Transferencia,4880.48,Cajero,COP
540,2025-02-26,1007,Pago,4854.33,App móvil,PEN
541,2025-09-19,1078,Transferencia,1397.34,Cajero,COP
542,2025-08-02,1052,Depósito,317.48,Cajero,CLP
543,2025-06-07,1052,Pago,9711.05,App móvil,ARS
544,2025-11-14,1063,Transferencia,11040.98,Cajero,ARS
545,2026-05-17,1013,Pago,7694.67,Web,CLP
546,2026-03-10,1061,Pago,8450.23,App móvil,CLP
547,2026-03-13,1048,Compra,2803.47,App móvil,MXN
548,2025-08-18,1066,Pago,14599.34,Cajero,CLP
549,2026-04-25,1068,Compra,1268.71,Web,MXN
550,2025-05-11,1062,Pago,2237.61,Sucursal,COP
551,2025-02-18,1067,Transferencia,4439.27,App móvil,MXN
552,2026-02-27,1066,Depósito,7664.67,App móvil,CLP
553,2026-08-23,1073,Pago,5338.31,App móvil,PEN
554,2026-04-19,1003,Depósito,11110.34,Cajero,COP
555,2025-11-01,1051,Depósito,1258.53,Sucursal,PEN
556,2025-09-29,1059,Transferencia,9360.92,Sucursal,COP
557,2025-09-23,1028,Retiro,1182.53,App móvil,CLP
558,2025-04-30,1069,Depósito,97.65,App móvil,COP
559,2026-05-14,1062,Transferencia,10380.18,Sucursal,PEN
560,2026-02-09,1079,Pago,10363.03,Sucursal,MXN
561,2025-04-25,1017,Retiro,218.0,App móvil,USD
562,2025-05-29,1025,Depósito,3146.35,Cajero,CLP
563,2026-04-20,1069,Retiro,1300.54,Cajero,CLP
564,2025-06-06,1055,Depósito,1755.72,Web,CLP
565,2026-08-23,1061,Depósito,12898.35,Cajero,COP
566,2026-02-06,1038,Compra,12443.47,App móvil,ARS
567,2026-03-19,1002,Depósito,9459.84,Web,CLP
568,2025-10-25,1075,Compra,10968.87,App móvil,CLP
569,2026-05-15,1052,Transferencia,7705.2,Cajero,USD
570,2026-08-14,1008,Compra,295.1,Sucursal,PEN
571,2026-03-04,1009,Pago,13394.23,Web,MXN
572,2025-12-22,1064,Compra,14085.08,Web,USD
573,2025-07-16,1056,Depósito,2428.39,Web,ARS
574,2025-12-14,1057,Retiro,7619.46,Web,COP
575,2026-01-04,1038,Transferencia,14397.45,Web,COP
576,2025-03-30,1080,Retiro,4244.03,Web,COP
577,2026-05-19,1023,Retiro,2353.15,App móvil,CLP
578,2026-07-25,1064,Pago,3528.44,App móvil,MXN
579,2025-06-12,1046,Pago,5362.09,Cajero,PEN
580,2025-04-27,1005,Depósito,5072.64,Cajero,MXN
581,2025-12-15,1072,Retiro,7300.62,Sucursal,MXN
582,2026-06-12,1072,Pago,13445.8,App móvil,USD
583,2025-04-24,1007,Transferencia,11986.81,App móvil,PEN
584,2025-02-12,1079,Depósito,12355.92,App móvil,COP
585,2025-06-10,1016,Retiro,13665.68,Sucursal,USD
586,2025-04-12,1057,Compra,7480.88,Cajero,USD
587,2025-05-06,1047,Pago,12289.22,Cajero,CLP
588,2026-05-01,1054,Depósito,3687.29,Sucursal,ARS
589,2026-01-17,1065,Retiro,1287.66,Web,ARS
590,2026-06-27,1032,Retiro,11300.56,Web,COP
591,2026-02-24,1018,Transferencia,6207.01,Web,PEN
592,2025-01-11,1047,Depósito,6644.25,App móvil,MXN
593,2025-06-18,1044,Pago,6030.75,Web,MXN
594,2025-06-04,1051,Depósito,9906.04,App móvil,USD
595,2026-07-21,1067,Pago,6295.39,Sucursal,USD
596,2025-10-14,1041,Pago,128.45,Cajero,USD
597,2026-07-12,1052,Transferencia,9661.75,Web,USD
598,2025-11-05,1045,Transferencia,11633.25,App móvil,MXN
599,2025-05-10,1069,Pago,5856.0,Sucursal,COP
600,2026-06-18,1012,Compra,8281.27,Sucursal,USD
601,2026-07-07,1021,Depósito,428.09,Sucursal,COP
602,2025-04-24,1039,Transferencia,14804.45,App móvil,ARS
603,2025-02-18,1034,Compra,5323.56,App móvil,CLP
604,2026-04-10,1039,Compra,11055.51,Sucursal,COP
605,2026-07-01,1075,Compra,10722.56,Cajero,ARS
606,2026-08-10,1039,Pago,10007.17,Cajero,USD
607,2025-04-18,1049,Compra,11065.31,Sucursal,PEN
608,2026-01-05,1075,Retiro,12344.41,Web,MXN
609,2025-03-25,1019,Transferencia,12428.28,App móvil,MXN
610,2026-04-02,1055,Retiro,7149.03,App móvil,ARS
611,2026-06-16,1068,Transferencia,8827.71,Web,ARS
612,2026-03-27,1075,Transferencia,9550.55,Web,USD
613,2025-05-11,1054,Retiro,2173.75,Web,USD
614,2026-06-10,1059,Retiro,14520.8,App móvil,USD
615,2025-06-10,1028,Transferencia,7105.6,Sucursal,MXN
616,2026-01-14,1078,Transferencia,1663.94,Sucursal,MXN
617,2025-11-09,1067,Retiro,1774.96,Sucursal,ARS
618,2025-05-27,1038,Transferencia,429.39,Cajero,PEN
619,2025-11-09,1054,Depósito,14052.94,Sucursal,COP
620,2026-07-15,1024,Transferencia,41.27,Sucursal,MXN
621,2025-11-14,1006,Transferencia,7222.83,Web,ARS
622,2025-05-16,1049,Transferencia,12518.56,Cajero,PEN
623,2025-06-02,1059,Transferencia,10011.64,Sucursal,MXN
624,2025-08-27,1080,Compra,6150.33,Web,ARS
625,2026-03-30,1070,Depósito,14371.61,Sucursal,USD
626,2026-08-09,1012,Retiro,10611.06,Sucursal,PEN
627,2026-07-09,1016,Compra,1286.43,App móvil,PEN
628,2026-05-30,1067,Retiro,11260.87,App móvil,MXN
629,2025-10-09,1069,Retiro,14436.03,Cajero,COP
630,2026-07-01,1075,Transferencia,1278.87,Sucursal,CLP
631,2025-01-24,1076,Depósito,7377.18,Sucursal,CLP
632,2026-06-25,1024,Transferencia,370.61,Sucursal,CLP
633,2025-04-12,1033,Depósito,1728.52,Cajero,ARS
634,2025-04-02,1019,Retiro,3840.76,Cajero,ARS
635,2025-11-30,1053,Retiro,893.12,Cajero,MXN
636,2025-11-24,1008,Pago,5855.2,Cajero,CLP
637,2025-05-04,1042,Pago,5638.94,App móvil,COP
638,2026-05-20,1031,Compra,8794.58,Web,MXN
639,2026-07-21,1035,Depósito,4781.86,Web,MXN
640,2025-08-28,1062,Depósito,6118.33,App móvil,ARS
641,2025-09-10,1071,Compra,10129.71,Cajero,ARS
642,2026-05-28,1073,Transferencia,6695.27,Cajero,COP
643,2025-09-09,1048,Compra,14779.78,Web,PEN
644,2026-04-21,1058,Depósito,25.01,Sucursal,USD
645,2026-05-09,1022,Depósito,912.02,Sucursal,PEN
646,2025-08-06,1033,Transferencia,14988.64,Sucursal,MXN
647,2025-11-04,1021,Compra,8450.59,App móvil,CLP
648,2025-10-14,1016,Retiro,10878.86,Web,COP
649,2025-11-22,1079,Compra,14361.68,Sucursal,USD
650,2025-11-26,1034,Transferencia,4102.47,Sucursal,COP
651,2025-05-17,1059,Compra,4933.57,App móvil,PEN
652,2025-06-27,1061,Depósito,13522.66,Web,PEN
653,2025-03-21,1063,Transferencia,8076.59,App móvil,USD
654,2026-01-21,1057,Depósito,5301.39,Sucursal,CLP
655,2026-01-15,1023,Depósito,1880.21,Cajero,CLP
656,2025-10-15,1002,Retiro,11149.74,Sucursal,COP
657,2025-08-15,1012,Compra,9382.3,Cajero,CLP
658,2025-08-03,1047,Depósito,4218.54,App móvil,COP
659,2026-08-06,1051,Depósito,13050.04,Web,COP
660,2026-08-03,1071,Retiro,9900.98,Cajero,MXN
661,2025-05-11,1076,Retiro,11192.14,Sucursal,PEN
662,2025-10-08,1030,Compra,10936.19,Cajero,USD
663,2026-07-28,1003,Compra,9220.7,Web,MXN
664,2025-11-27,1055,Depósito,12809.36,Web,CLP
665,2026-04-23,1036,Depósito,10205.8,Web,ARS
666,2025-08-18,1067,Depósito,13258.2,App móvil,ARS
667,2025-01-06,1054,Compra,6738.43,Web,COP
668,2025-01-26,1043,Depósito,13202.68,Cajero,USD
669,2025-07-21,1055,Depósito,13755.76,Cajero,ARS
670,2025-04-10,1040,Depósito,9393.66,App móvil,CLP
671,2025-12-09,1056,Depósito,8892.04,Sucursal,COP
672,2025-12-15,1014,Transferencia,3583.0,App móvil,ARS
673,2026-03-26,1067,Retiro,14153.78,App móvil,USD
674,2025-03-04,1058,Compra,1881.15,App móvil,CLP
675,2025-03-05,1041,Depósito,11741.87,Web,MXN
676,2025-03-09,1039,Compra,9396.52,App móvil,USD
677,2026-01-26,1008,Compra,792.53,Web,MXN
678,2025-01-11,1080,Transferencia,3504.35,Web,CLP
679,2025-04-14,1060,Transferencia,13200.27,Sucursal,USD
680,2025-07-17,1004,Transferencia,7763.02,App móvil,MXN
681,2025-07-18,1002,Compra,10702.36,Cajero,USD
682,2026-05-08,1066,Pago,5337.31,Web,COP
683,2025-03-03,1032,Retiro,11957.41,Cajero,ARS
684,2026-01-02,1075,Transferencia,7701.75,Sucursal,PEN
685,2025-11-13,1070,Retiro,2219.66,Sucursal,ARS
686,2025-05-29,1048,Depósito,7770.03,App móvil,COP
687,2026-03-09,1065,Compra,12881.95,Sucursal,COP
688,2025-12-16,1026,Retiro,11781.1,Cajero,USD
689,2025-12-06,1061,Transferencia,9000.44,Sucursal,PEN
690,2025-04-18,1039,Transferencia,4936.0,Web,MXN
691,2025-08-17,1064,Retiro,13800.1,Cajero,CLP
692,2025-12-06,1080,Retiro,3592.9,Web,COP
693,2025-01-07,1052,Retiro,12393.0,Sucursal,MXN
694,2025-04-28,1010,Pago,459.96,Cajero,ARS
695,2026-01-04,1057,Retiro,9473.71,App móvil,MXN
696,2025-08-13,1026,Retiro,4268.67,Sucursal,USD
697,2025-09-09,1023,Pago,12714.54,Cajero,COP
698,2025-04-14,1003,Retiro,12644.79,App móvil,USD
699,2025-04-24,1018,Transferencia,9826.49,Sucursal,COP
700,2026-01-17,1040,Transferencia,3609.85,Cajero,PEN
701,2025-03-08,1080,Transferencia,13177.03,App móvil,COP
702,2026-01-23,1017,Retiro,2883.3,Sucursal,ARS
703,2025-09-08,1077,Transferencia,14654.95,App móvil,PEN
704,2025-10-29,1076,Retiro,12817.99,Cajero,ARS
705,2025-10-14,1032,Depósito,9445.59,Cajero,PEN
706,2025-03-25,1075,Transferencia,3146.47,Web,USD
707,2026-02-02,1079,Depósito,2519.83,Sucursal,CLP
708,2026-01-18,1067,Transferencia,2693.19,Web,USD
709,2026-02-15,1064,Transferencia,4032.35,App móvil,COP
710,2025-08-29,1029,Retiro,6786.68,Web,COP
711,2026-08-09,1040,Transferencia,13331.75,Cajero,ARS
712,2025-03-28,1033,Compra,1280.54,Sucursal,CLP
713,2025-02-12,1067,Pago,3460.36,Web,PEN
714,2026-04-24,1080,Pago,6397.27,Web,CLP
715,2026-01-27,1048,Transferencia,4762.14,App móvil,COP
716,2025-03-19,1057,Retiro,3991.72,Sucursal,MXN
717,2025-03-22,1038,Compra,7696.74,Sucursal,COP
718,2025-02-09,1013,Depósito,1079.52,Cajero,ARS
719,2025-10-09,1026,Pago,3757.85,Cajero,USD
720,2026-07-11,1078,Retiro,14976.09,Sucursal,MXN
721,2026-02-18,1039,Pago,12336.41,Web,PEN
722,2025-06-02,1002,Transferencia,9814.82,Web,COP
723,2026-06-13,1030,Retiro,7121.83,Web,USD
724,2025-11-17,1060,Pago,11880.8,Cajero,CLP
725,2026-07-26,1054,Retiro,6585.83,App móvil,ARS
726,2025-11-09,1018,Compra,13107.52,App móvil,CLP
727,2026-03-12,1046,Pago,3390.1,Web,USD
728,2025-01-24,1069,Pago,4897.93,App móvil,COP
729,2026-08-11,1020,Pago,8527.18,Web,CLP
730,2026-01-31,1027,Transferencia,965.0,Cajero,CLP
731,2026-04-08,1014,Pago,8547.03,Sucursal,MXN
732,2025-07-01,1022,Depósito,10126.53,App móvil,USD
733,2025-07-23,1078,Transferencia,412.31,App móvil,CLP
734,2026-06-21,1037,Retiro,3503.26,App móvil,CLP
735,2025-06-25,1008,Pago,7782.79,Sucursal,CLP
736,2025-05-13,1051,Retiro,14844.03,Web,CLP
737,2025-07-31,1009,Transferencia,14326.9,Cajero,COP
738,2026-05-02,1040,Transferencia,12270.26,Cajero,PEN
739,2026-05-30,1074,Pago,8816.5,Web,ARS
740,2026-04-02,1026,Depósito,14866.37,App móvil,CLP
741,2026-08-06,1078,Retiro,7892.59,Web,CLP
742,2025-04-04,1060,Compra,595.88,Sucursal,USD
743,2025-11-01,1059,Pago,10507.74,Web,PEN
744,2026-03-19,1023,Transferencia,3744.53,Web,CLP
745,2025-02-14,1024,Compra,1442.06,Cajero,COP
746,2025-03-10,1036,Compra,4385.42,Cajero,CLP
747,2026-01-13,1053,Compra,1827.25,App móvil,MXN
748,2025-06-18,1065,Pago,6157.34,Sucursal,COP
749,2025-03-16,1065,Depósito,6937.89,Web,CLP
750,2026-02-11,1044,Transferencia,12838.04,App móvil,MXN
751,2025-05-20,1033,Depósito,10639.4,Sucursal,USD
752,2025-03-26,1060,Transferencia,6925.74,Cajero,USD
753,2025-10-13,1057,Retiro,7067.11,Cajero,COP
754,2025-10-29,1003,Compra,1516.72,App móvil,PEN
755,2025-01-12,1051,Retiro,1173.0,Sucursal,COP
756,2025-02-05,1057,Pago,2677.32,Cajero,CLP
757,2025-04-16,1007,Compra,9618.77,Web,USD
758,2025-01-05,1040,Transferencia,795.7,App móvil,CLP
759,2025-09-02,1026,Retiro,5625.92,Cajero,MXN
760,2025-01-15,1003,Transferencia,428.88,Sucursal,COP
761,2025-04-09,1009,Retiro,14381.59,Cajero,USD
762,2025-04-21,1022,Depósito,6241.04,Sucursal,ARS
763,2026-07-09,1072,Retiro,9373.85,Web,CLP
764,2026-01-01,1016,Retiro,3214.56,Sucursal,COP
765,2025-01-13,1002,Transferencia,9813.35,Web,COP
766,2025-10-13,1059,Retiro,999.58,Sucursal,MXN
767,2026-05-27,1009,Retiro,6172.34,App móvil,USD
768,2025-04-08,1069,Compra,2580.17,Sucursal,USD
769,2025-11-22,1050,Retiro,4987.38,Web,MXN
770,2026-08-23,1043,Depósito,9131.91,Web,CLP
771,2025-01-14,1066,Retiro,7556.27,Cajero,MXN
772,2026-03-15,1079,Depósito,4639.64,Cajero,PEN
773,2026-05-26,1011,Depósito,2071.96,Sucursal,COP
774,2025-02-08,1020,Transferencia,3073.74,Cajero,USD
775,2025-12-03,1077,Transferencia,11091.44,Cajero,ARS
776,2026-03-01,1041,Depósito,7817.88,Sucursal,MXN
777,2025-07-30,1030,Pago,5147.5,App móvil,USD
778,2026-01-26,1032,Retiro,9124.87,Sucursal,COP
779,2026-05-19,1057,Depósito,978.61,App móvil,COP
780,2025-05-09,1007,Retiro,14074.74,App móvil,COP
781,2025-07-29,1076,Compra,12470.0,Cajero,PEN
782,2025-11-15,1011,Transferencia,10877.59,Cajero,USD
783,2025-09-12,1026,Retiro,6366.01,Sucursal,ARS
784,2025-07-26,1074,Transferencia,14516.21,Sucursal,CLP
785,2025-06-21,1011,Pago,5979.68,Web,CLP
786,2026-03-20,1055,Compra,9144.82,Cajero,CLP
787,2025-03-27,1003,Transferencia,6416.69,Sucursal,PEN
788,2025-06-29,1069,Retiro,8297.25,Sucursal,CLP
789,2026-01-20,1060,Pago,6809.51,Web,MXN
790,2025-07-20,1043,Retiro,10725.8,Cajero,COP
791,2026-01-19,1001,Depósito,12926.21,Web,CLP
792,2026-01-18,1054,Transferencia,14557.68,Web,CLP
793,2025-02-09,1040,Compra,1077.8,App móvil,CLP
794,2026-03-23,1073,Retiro,2921.48,Sucursal,USD
795,2026-01-13,1045,Compra,10639.84,App móvil,USD
796,2025-09-06,1050,Transferencia,11037.61,Web,MXN
797,2025-06-01,1047,Depósito,10465.1,Sucursal,PEN
798,2026-08-16,1059,Retiro,3821.78,Cajero,MXN
799,2026-01-29,1015,Depósito,9669.52,Web,USD
800,2025-07-13,1076,Depósito,7782.87,Web,COP
801,2026-05-28,1055,Pago,10380.63,Web,PEN
802,2025-04-02,1040,Transferencia,11289.41,App móvil,USD
803,2025-10-03,1074,Pago,12215.28,Cajero,USD
804,2025-06-22,1051,Pago,106.24,Web,MXN
805,2026-03-04,1013,Depósito,11608.42,Web,USD
806,2026-01-19,1037,Transferencia,2567.81,Cajero,USD
807,2026-05-30,1018,Retiro,7302.2,App móvil,CLP
808,2025-03-02,1073,Retiro,2792.71,Cajero,COP
809,2025-04-22,1034,Transferencia,6616.55,Cajero,MXN
810,2025-10-11,1038,Depósito,5672.15,App móvil,ARS
811,2026-05-12,1004,Compra,3529.35,App móvil,MXN
812,2025-01-08,1008,Pago,11279.46,App móvil,MXN
813,2026-01-20,1028,Compra,11878.88,Sucursal,CLP
814,2025-12-11,1061,Pago,9069.53,Sucursal,USD
815,2026-01-05,1044,Pago,12254.54,Web,CLP
816,2025-12-05,1079,Depósito,14629.82,App móvil,MXN
817,2025-05-23,1059,Transferencia,10881.05,App móvil,PEN
818,2025-09-12,1016,Compra,4199.22,Sucursal,CLP
819,2025-07-12,1080,Transferencia,7728.56,App móvil,USD
820,2025-02-16,1042,Depósito,9510.32,Sucursal,USD
821,2026-02-14,1057,Retiro,9105.38,App móvil,ARS
822,2025-04-13,1055,Transferencia,14803.2,Web,ARS
823,2026-06-17,1078,Retiro,10682.01,App móvil,COP
824,2026-07-16,1064,Depósito,4527.21,Web,COP
825,2026-07-08,1058,Depósito,7237.71,Cajero,COP
826,2025-04-02,1028,Retiro,11301.26,App móvil,CLP
827,2025-12-01,1004,Retiro,13935.76,Web,ARS
828,2025-05-07,1029,Pago,9992.33,Cajero,PEN
829,2025-12-07,1063,Depósito,11935.15,Cajero,PEN
830,2026-01-22,1077,Depósito,9663.36,Web,USD
831,2025-08-17,1072,Transferencia,12128.63,Sucursal,MXN
832,2025-12-15,1038,Depósito,1679.62,Cajero,USD
833,2025-11-17,1015,Compra,5522.38,Web,PEN
834,2026-07-03,1001,Pago,937.66,Cajero,CLP
835,2025-05-10,1055,Pago,11571.5,Cajero,MXN
836,2026-04-17,1051,Depósito,8079.01,Sucursal,COP
837,2026-04-12,1038,Retiro,7502.49,Cajero,PEN
838,2025-02-05,1037,Retiro,11208.43,Sucursal,ARS
839,2026-08-11,1065,Depósito,4109.05,Web,USD
840,2026-01-21,1028,Transferencia,4379.51,App móvil,ARS
841,2025-08-19,1020,Retiro,12722.57,App móvil,COP
842,2025-06-13,1063,Transferencia,4493.54,App móvil,PEN
843,2026-04-30,1051,Pago,6342.34,Sucursal,CLP
844,2025-10-17,1051,Depósito,7922.39,Sucursal,USD
845,2025-05-15,1025,Compra,5912.65,Sucursal,PEN
846,2025-06-17,1007,Pago,6868.41,Cajero,CLP
847,2025-08-03,1062,Pago,13459.3,Cajero,USD
848,2026-08-13,1026,Depósito,5439.76,App móvil,USD
849,2026-03-14,1019,Transferencia,14256.47,Cajero,MXN
850,2025-07-03,1013,Pago,14612.64,App móvil,MXN
851,2025-06-02,1066,Pago,8904.95,Web,COP
852,2026-05-16,1005,Depósito,3620.42,Sucursal,USD
853,2026-01-20,1077,Retiro,9795.43,App móvil,CLP
854,2026-04-01,1049,Pago,9488.68,Sucursal,MXN
855,2026-05-16,1016,Depósito,1248.73,Cajero,MXN
856,2026-05-07,1076,Compra,14810.37,Sucursal,USD
857,2026-05-11,1013,Compra,2724.64,Web,ARS
858,2025-03-07,1074,Retiro,1500.62,Cajero,CLP
859,2026-07-04,1003,Transferencia,8345.34,Web,MXN
860,2025-05-08,1067,Compra,8089.34,Cajero,USD
861,2025-07-04,1016,Retiro,12931.43,App móvil,PEN
862,2025-05-12,1058,Pago,1854.45,Cajero,USD
863,2025-02-05,1021,Depósito,8441.82,App móvil,MXN
864,2026-07-12,1065,Pago,5459.76,Cajero,CLP
865,2026-06-16,1001,Retiro,4515.99,Sucursal,USD
866,2026-05-18,1069,Transferencia,2106.43,Sucursal,PEN
867,2025-08-03,1046,Compra,8077.76,App móvil,USD
868,2025-05-26,1006,Retiro,560.64,Sucursal,COP
869,2026-01-03,1018,Compra,8285.54,Sucursal,COP
870,2025-09-19,1080,Transferencia,1124.65,Sucursal,CLP
871,2025-09-18,1021,Transferencia,6846.46,Web,USD
872,2025-10-03,1019,Compra,3064.41,Cajero,USD
873,2026-06-08,1048,Compra,9863.2,Cajero,CLP
874,2026-03-21,1020,Pago,14886.81,Web,MXN
875,2025-05-08,1078,Retiro,1172.09,App móvil,USD
876,2025-04-02,1071,Transferencia,998.73,Sucursal,ARS
877,2025-08-20,1035,Retiro,13034.14,Sucursal,MXN
878,2025-08-16,1013,Transferencia,14692.48,Web,MXN
879,2025-11-10,1016,Retiro,7901.87,Web,MXN
880,2025-10-16,1068,Pago,10509.83,Sucursal,PEN
881,2026-02-03,1013,Depósito,2569.5,Cajero,ARS
882,2026-02-17,1069,Compra,8923.31,Web,PEN
883,2026-06-10,1017,Pago,152.37,Cajero,USD
884,2025-10-01,1017,Retiro,5688.22,App móvil,USD
885,2026-03-05,1048,Retiro,10176.45,Web,COP
886,2026-05-30,1057,Pago,11979.05,Sucursal,ARS
887,2025-08-23,1055,Compra,14125.74,Sucursal,USD
888,2025-11-17,1012,Pago,6103.66,App móvil,USD
889,2025-04-06,1011,Depósito,10952.0,Cajero,PEN
890,2026-07-22,1008,Depósito,11153.71,Web,MXN
891,2025-05-20,1055,Compra,13987.3,Web,CLP
892,2026-02-20,1066,Compra,10471.25,App móvil,PEN
893,2026-07-02,1025,Depósito,10715.26,Sucursal,COP
894,2026-04-05,1068,Compra,644.92,Cajero,USD
895,2026-01-11,1068,Retiro,2630.46,Cajero,PEN
896,2026-01-24,1046,Depósito,6346.61,Cajero,ARS
897,2025-09-13,1015,Pago,13711.54,App móvil,ARS
898,2025-08-07,1039,Transferencia,4410.24,App móvil,USD
899,2025-11-09,1073,Transferencia,3269.77,App móvil,CLP
900,2025-01-07,1080,Transferencia,871.88,Web,ARS
