registro_id,fecha,suscriptor_id,tipo_servicio,unidades,cargo
1,2026-07-18,5028,SMS,282,29.0
2,2025-06-21,5076,Datos,15197,246.54
3,2025-02-21,5013,Datos,16934,262.77
4,2025-03-10,5044,Voz,491,191.85
5,2026-05-07,5049,SMS,298,314.78
6,2025-04-09,5066,Datos,10191,348.4
7,2025-02-25,5018,Voz,489,62.58
8,2025-08-23,5028,SMS,66,47.78
9,2025-10-13,5020,Voz,259,170.8
10,2025-04-23,5036,SMS,269,23.58
11,2025-01-14,5047,SMS,65,45.09
12,2025-08-13,5082,Voz,52,298.41
13,2025-05-11,5017,SMS,184,243.56
14,2025-05-14,5014,Voz,382,176.42
15,2026-02-10,5054,Datos,13342,69.37
16,2026-03-27,5088,Voz,353,160.19
17,2025-08-18,5046,Datos,3145,46.64
18,2026-03-02,5010,SMS,46,239.08
19,2026-01-23,5088,SMS,153,302.88
20,2025-05-03,5006,Voz,597,330.47
21,2025-03-10,5004,Datos,17735,217.22
22,2025-07-27,5051,Voz,155,328.64
23,2026-01-11,5054,Datos,16420,142.35
24,2026-01-28,5048,Datos,15090,82.24
25,2026-02-08,5051,Voz,87,127.04
26,2025-11-04,5008,Datos,9403,229.78
27,2025-07-13,5057,Datos,6434,251.19
28,2026-01-21,5073,Datos,280,58.96
29,2026-03-21,5025,Voz,173,308.78
30,2025-08-10,5016,Voz,303,275.15
31,2025-09-30,5086,Voz,352,235.89
32,2026-07-01,5013,SMS,21,257.37
33,2025-09-03,5077,SMS,76,253.66
34,2025-08-14,5011,SMS,135,70.75
35,2025-07-11,5044,Voz,138,311.19
36,2025-08-19,5086,Voz,374,86.31
37,2026-01-10,5026,Voz,247,296.99
38,2025-10-01,5068,Datos,918,129.74
39,2026-05-27,5060,SMS,138,116.12
40,2026-01-05,5059,Datos,10994,338.49
41,2026-02-07,5056,Datos,15473,135.64
42,2025-08-02,5077,SMS,221,317.13
43,2026-01-14,5017,Voz,182,8.23
44,2026-06-05,5090,Voz,587,31.09
45,2025-11-27,5044,Voz,409,275.39
46,2026-04-03,5048,SMS,155,64.01
47,2025-09-03,5031,Voz,465,129.1
48,2025-05-06,5076,Voz,273,326.63
49,2025-07-20,5037,Voz,272,87.11
50,2025-11-13,5021,Datos,9864,75.12
51,2026-04-14,5008,Datos,13522,79.49
52,2026-05-23,5088,Voz,31,329.08
53,2026-01-13,5046,Voz,146,255.6
54,2025-06-10,5058,Voz,571,73.59
55,2026-04-17,5085,Datos,14187,91.29
56,2026-05-25,5088,SMS,58,68.3
57,2025-12-16,5021,SMS,211,306.42
58,2025-05-16,5019,Voz,456,202.27
59,2025-07-19,5052,SMS,97,164.08
60,2025-06-06,5015,Datos,1529,284.88
61,2026-06-16,5069,Voz,26,230.57
62,2025-07-02,5006,Voz,26,255.46
63,2025-07-19,5009,Datos,10479,42.41
64,2025-05-07,5004,SMS,294,269.35
65,2025-06-18,5028,Datos,2846,318.0
66,2025-12-26,5026,Voz,203,248.36
67,2026-08-13,5067,Datos,878,254.33
68,2025-12-27,5063,Voz,353,289.62
69,2025-06-23,5085,SMS,76,53.2
70,2025-06-28,5089,Datos,6230,1.0
71,2025-05-13,5047,Datos,11602,79.71
72,2026-04-26,5055,Voz,520,139.29
73,2025-07-11,5007,SMS,262,136.49
74,2026-01-26,5064,Voz,518,13.98
75,2025-04-13,5002,Datos,5111,124.3
76,2025-04-02,5071,Voz,572,337.3
77,2025-09-22,5064,SMS,274,272.88
78,2025-05-15,5062,Voz,333,51.23
79,2026-06-05,5028,SMS,83,6.4
80,2025-12-21,5014,SMS,79,196.29
81,2025-07-02,5086,SMS,95,257.12
82,2025-12-12,5046,Datos,12355,74.27
83,2025-09-08,5084,Voz,399,23.8
84,2026-02-11,5083,Voz,545,239.44
85,2026-05-13,5063,Datos,7744,234.32
86,2025-11-28,5030,SMS,288,52.4
87,2026-02-15,5085,Voz,226,231.55
88,2026-04-30,5066,Datos,7512,230.07
89,2025-02-16,5050,Voz,322,126.86
90,2026-01-13,5033,SMS,35,30.72
91,2025-12-04,5035,Voz,80,150.18
92,2025-08-05,5003,SMS,193,207.03
93,2025-03-03,5058,SMS,95,167.27
94,2026-03-22,5001,Voz,19,341.75
95,2025-05-20,5086,Voz,73,255.27
96,2026-08-09,5012,Voz,315,85.66
97,2026-08-04,5056,SMS,273,226.72
98,2025-08-09,5052,Voz,580,26.43
99,2025-07-09,5055,Datos,7581,46.58
100,2026-08-14,5084,Datos,15086,337.36
101,2025-12-27,5069,SMS,216,83.41
102,2025-04-29,5082,Voz,586,211.11
103,2025-02-01,5081,Datos,10118,333.86
104,2025-08-27,5087,SMS,94,44.08
105,2025-12-27,5006,Voz,124,294.84
106,2026-07-31,5045,Datos,8923,224.21
107,2025-05-24,5037,Datos,1637,147.59
108,2026-07-12,5072,Datos,10033,233.05
109,2026-04-04,5056,Datos,9757,207.78
110,2025-12-22,5040,Voz,430,149.61
111,2026-02-21,5005,Datos,1083,85.87
112,2025-02-08,5041,SMS,102,206.31
113,2026-04-21,5050,Datos,13980,154.76
114,2026-08-06,5015,SMS,71,243.73
115,2026-04-23,5029,Datos,1624,251.8
116,2026-06-26,5023,Datos,3609,56.81
117,2025-08-29,5053,SMS,154,345.61
118,2026-08-07,5041,SMS,287,267.33
119,2026-03-22,5079,Datos,9231,87.18
120,2025-09-21,5043,Datos,7256,275.05
121,2025-09-08,5040,SMS,292,263.67
122,2026-04-07,5032,SMS,297,100.14
123,2026-06-23,5074,Datos,8645,265.8
124,2025-08-18,5085,SMS,75,17.19
125,2025-08-12,5043,SMS,245,345.92
126,2025-04-13,5086,SMS,139,87.59
127,2025-03-04,5014,Voz,585,242.1
128,2025-11-05,5015,Datos,15694,314.78
129,2026-01-15,5067,Datos,9407,118.17
130,2025-01-11,5075,Voz,129,15.5
131,2025-03-07,5036,SMS,196,52.36
132,2025-05-25,5079,Voz,581,314.08
133,2026-04-18,5046,Voz,140,116.99
134,2025-07-14,5051,Datos,19494,116.1
135,2026-03-17,5044,SMS,285,339.81
136,2026-01-05,5011,SMS,134,193.62
137,2025-08-15,5025,Datos,12995,30.08
138,2025-07-29,5029,SMS,25,104.17
139,2025-02-04,5024,Voz,418,300.36
140,2025-09-29,5025,Datos,9593,142.6
141,2026-04-07,5084,Voz,20,250.11
142,2025-02-03,5054,SMS,15,193.48
143,2026-01-26,5084,Datos,18648,263.77
144,2025-10-20,5007,Voz,92,23.01
145,2025-11-23,5034,Voz,39,20.93
146,2025-06-15,5030,SMS,84,285.37
147,2025-07-05,5079,Datos,12808,157.24
148,2025-05-17,5044,SMS,103,182.35
149,2025-01-17,5020,SMS,70,47.49
150,2025-01-11,5052,SMS,105,80.79
151,2026-03-28,5029,Voz,260,24.17
152,2025-01-11,5089,Voz,439,153.42
153,2025-11-19,5055,Voz,490,87.57
154,2025-02-27,5008,Voz,285,27.85
155,2026-05-15,5023,Voz,596,60.13
156,2025-05-11,5004,Voz,278,189.29
157,2026-04-11,5059,Voz,596,251.34
158,2026-01-18,5021,SMS,27,20.94
159,2026-05-03,5053,Datos,15158,224.95
160,2025-04-19,5089,Datos,8535,217.99
161,2026-01-04,5077,Voz,271,224.12
162,2025-06-01,5030,SMS,241,119.15
163,2026-08-22,5009,Voz,160,273.79
164,2025-09-18,5044,Datos,17491,320.24
165,2026-04-08,5019,Voz,498,200.9
166,2025-03-30,5010,Voz,103,342.77
167,2025-08-30,5016,SMS,22,244.06
168,2026-04-11,5089,SMS,38,299.34
169,2025-12-27,5063,Datos,7391,36.7
170,2025-11-22,5080,SMS,92,257.46
171,2025-05-26,5015,Datos,5658,316.91
172,2026-07-25,5050,SMS,113,159.31
173,2025-05-28,5021,Voz,370,39.99
174,2025-07-16,5023,Datos,8542,318.12
175,2025-10-24,5001,SMS,104,103.4
176,2026-05-27,5057,Voz,313,178.25
177,2025-01-22,5075,Datos,8879,281.65
178,2025-03-15,5002,Datos,16630,214.42
179,2025-07-06,5041,Voz,459,139.34
180,2026-03-01,5082,SMS,163,81.99
181,2025-06-24,5024,Datos,15538,56.43
182,2025-03-24,5046,SMS,215,310.09
183,2025-01-29,5045,SMS,69,229.11
184,2025-04-30,5074,SMS,147,25.43
185,2025-11-20,5053,Voz,44,265.23
186,2025-09-08,5090,SMS,224,162.41
187,2025-07-04,5020,SMS,152,15.44
188,2025-01-28,5049,Voz,344,226.38
189,2025-04-20,5071,Datos,6375,78.45
190,2026-07-02,5069,Voz,45,298.16
191,2025-07-01,5029,SMS,43,297.75
192,2026-06-08,5013,Voz,79,232.13
193,2026-03-22,5015,SMS,79,190.43
194,2025-04-17,5069,Datos,9764,267.37
195,2026-07-05,5015,SMS,285,20.94
196,2026-02-02,5040,Datos,32,62.59
197,2025-09-08,5065,Datos,17185,291.25
198,2026-02-13,5067,Datos,13164,262.25
199,2025-10-31,5016,SMS,112,230.65
200,2025-07-03,5015,SMS,75,26.75
201,2025-10-19,5024,Voz,313,57.5
202,2026-05-13,5033,SMS,145,328.21
203,2026-04-03,5073,SMS,242,54.12
204,2025-04-09,5053,SMS,270,228.26
205,2025-01-21,5066,SMS,282,20.43
206,2025-01-03,5056,Datos,687,22.3
207,2025-07-18,5045,Voz,166,190.62
208,2025-12-01,5025,Voz,4,283.46
209,2025-01-02,5035,Voz,543,327.39
210,2026-08-02,5071,SMS,88,268.67
211,2026-03-19,5008,Voz,462,57.82
212,2026-07-24,5059,Datos,7443,347.53
213,2026-05-11,5027,SMS,110,142.92
214,2026-02-17,5011,SMS,278,62.37
215,2025-11-09,5059,Voz,254,337.81
216,2026-06-02,5014,Voz,77,276.99
217,2026-06-05,5026,Voz,157,256.02
218,2026-06-26,5029,Datos,15109,167.17
219,2026-01-30,5090,Voz,416,33.69
220,2025-01-07,5006,Datos,19072,222.36
221,2025-03-18,5069,SMS,127,217.6
222,2026-04-17,5060,SMS,60,321.42
223,2026-08-17,5089,Voz,361,298.7
224,2026-05-25,5083,Voz,555,62.78
225,2026-01-13,5087,Voz,155,243.73
226,2026-08-12,5052,SMS,182,290.39
227,2026-06-04,5018,Datos,6690,207.82
228,2026-03-22,5021,Datos,7325,220.08
229,2025-01-24,5002,Datos,4473,156.05
230,2025-11-08,5081,Datos,13501,22.49
231,2026-07-30,5057,SMS,12,1.84
232,2026-07-27,5077,Datos,16320,123.5
233,2025-03-19,5080,SMS,142,333.79
234,2026-02-25,5025,SMS,58,161.98
235,2026-02-13,5037,Datos,11252,256.71
236,2026-08-22,5069,SMS,150,187.03
237,2026-06-12,5034,Datos,324,282.27
238,2025-06-17,5002,Datos,3876,139.77
239,2026-07-21,5059,Voz,407,210.84
240,2026-07-02,5008,Voz,558,291.83
241,2026-07-24,5046,SMS,1,307.1
242,2026-05-10,5074,SMS,169,107.14
243,2025-09-26,5070,SMS,243,291.78
244,2025-01-15,5014,SMS,122,52.71
245,2025-08-06,5058,Datos,1549,16.55
246,2025-12-31,5045,SMS,53,225.94
247,2026-07-26,5003,Datos,9594,91.74
248,2026-03-19,5073,Voz,449,157.36
249,2026-06-28,5007,SMS,61,165.5
250,2025-07-28,5054,SMS,58,149.99
251,2025-10-30,5089,Voz,49,106.4
252,2025-10-08,5033,Voz,45,233.01
253,2025-11-05,5055,SMS,85,329.03
254,2025-12-19,5049,Voz,130,214.14
255,2025-07-02,5056,Datos,10336,64.89
256,2025-08-09,5024,Voz,9,326.19
257,2025-09-22,5083,SMS,16,174.87
258,2025-11-30,5062,Datos,17734,130.64
259,2025-04-09,5029,SMS,88,296.91
260,2026-05-16,5030,SMS,4,290.74
261,2025-04-15,5018,Datos,11394,58.6
262,2025-05-11,5077,Voz,4,230.62
263,2026-04-20,5012,Voz,484,173.38
264,2025-12-21,5055,Datos,17878,194.71
265,2025-07-05,5087,Datos,10641,204.77
266,2025-04-14,5040,Voz,355,142.43
267,2026-04-05,5065,Datos,12067,23.76
268,2025-11-12,5044,Voz,542,209.95
269,2026-04-28,5034,Datos,10069,81.0
270,2025-11-01,5047,SMS,73,153.71
271,2025-05-02,5068,SMS,237,125.06
272,2025-09-24,5039,SMS,103,101.64
273,2026-05-16,5078,Voz,38,178.94
274,2025-08-11,5004,Voz,200,147.74
275,2025-07-06,5009,SMS,267,149.78
276,2025-06-29,5005,SMS,274,284.32
277,2026-07-11,5072,Voz,362,166.59
278,2025-11-20,5002,Datos,14248,239.65
279,2026-02-23,5041,Voz,126,114.69
280,2026-06-09,5085,Voz,336,17.98
281,2026-05-05,5066,SMS,218,66.2
282,2026-03-30,5036,Datos,2872,259.94
283,2025-11-14,5021,SMS,34,78.96
284,2026-03-17,5051,Voz,590,92.07
285,2025-02-07,5044,Voz,589,39.7
286,2025-08-22,5069,SMS,246,202.32
287,2025-03-29,5069,Voz,349,189.34
288,2025-06-24,5053,SMS,148,227.87
289,2026-04-14,5050,Datos,16932,204.2
290,2025-12-03,5057,Voz,575,222.47
291,2025-04-24,5074,Datos,4143,294.98
292,2026-08-21,5007,Voz,147,162.23
293,2026-06-26,5069,SMS,154,189.39
294,2025-01-15,5082,SMS,237,324.22
295,2025-04-12,5075,SMS,169,276.57
296,2026-02-05,5027,Datos,5239,343.72
297,2025-08-03,5014,Voz,187,185.09
298,2026-08-15,5044,Datos,3739,86.39
299,2026-08-14,5063,SMS,173,4.47
300,2026-04-01,5003,SMS,54,164.07
301,2026-03-12,5007,Datos,4844,323.65
302,2025-11-17,5075,Voz,227,260.71
303,2025-07-19,5069,Voz,476,44.72
304,2025-09-04,5051,Voz,125,275.65
305,2026-08-11,5011,Voz,255,344.67
306,2025-09-07,5040,Voz,323,253.37
307,2026-07-02,5006,SMS,168,279.26
308,2025-12-02,5065,SMS,146,21.82
309,2026-02-15,5018,Datos,15108,24.85
310,2026-01-24,5044,SMS,106,265.26
311,2026-06-06,5018,Datos,7112,252.36
312,2025-09-05,5052,SMS,181,279.57
313,2025-11-26,5008,SMS,279,341.41
314,2025-09-10,5056,Voz,376,30.54
315,2026-05-15,5043,Datos,7845,199.05
316,2025-10-25,5046,Datos,3319,86.51
317,2025-09-03,5087,SMS,261,165.3
318,2026-03-08,5024,Datos,5191,348.87
319,2025-09-13,5084,Datos,154,103.6
320,2025-03-12,5067,Voz,387,286.04
321,2026-04-18,5088,Datos,1146,335.64
322,2025-11-03,5042,SMS,275,143.65
323,2025-07-13,5034,Voz,383,234.41
324,2025-01-09,5070,Voz,139,92.79
325,2026-06-06,5063,Datos,13836,305.39
326,2025-04-29,5034,SMS,233,185.34
327,2026-08-13,5075,Voz,325,144.41
328,2025-01-04,5006,Datos,13178,199.6
329,2026-04-11,5023,SMS,261,267.96
330,2026-07-05,5041,Datos,7771,262.14
331,2025-09-30,5059,Voz,503,310.95
332,2025-05-03,5003,SMS,287,276.2
333,2025-08-02,5050,Datos,6656,206.93
334,2026-07-16,5067,Voz,520,164.73
335,2025-08-28,5084,SMS,114,75.45
336,2025-04-07,5037,Datos,457,81.78
337,2025-07-17,5002,SMS,179,179.67
338,2025-05-11,5082,Datos,6105,138.87
339,2025-03-11,5045,Datos,1295,229.5
340,2026-04-07,5022,Voz,88,161.91
341,2025-02-27,5001,Datos,2173,247.69
342,2025-08-09,5064,SMS,290,56.27
343,2026-05-10,5048,Voz,565,250.25
344,2026-07-12,5040,Voz,148,333.27
345,2026-02-04,5004,SMS,78,344.05
346,2026-01-18,5074,Datos,6008,27.81
347,2025-01-15,5064,Datos,6080,93.12
348,2025-04-13,5089,SMS,215,38.2
349,2026-01-27,5080,Voz,37,184.28
350,2026-05-02,5013,SMS,26,4.69
351,2025-06-05,5070,Datos,5566,272.77
352,2026-03-01,5005,SMS,201,252.64
353,2026-07-11,5009,SMS,210,204.4
354,2025-01-31,5002,Datos,15591,21.45
355,2025-01-13,5064,Voz,140,9.59
356,2025-02-05,5060,Voz,473,229.19
357,2026-07-08,5022,Voz,96,284.64
358,2026-02-04,5073,Voz,522,173.72
359,2025-10-14,5024,Voz,26,260.35
360,2026-07-15,5015,Datos,18661,282.81
361,2025-11-10,5009,Datos,14903,86.09
362,2025-05-15,5007,Voz,231,64.69
363,2025-12-17,5019,Voz,407,63.79
364,2026-08-21,5076,Datos,4651,95.42
365,2025-08-02,5058,Datos,12316,236.2
366,2025-08-19,5054,SMS,49,323.07
367,2026-07-25,5061,Datos,15258,8.93
368,2026-08-22,5087,Voz,277,189.25
369,2025-04-19,5015,Datos,4307,201.45
370,2025-06-24,5015,Datos,19053,282.0
371,2026-02-28,5070,Datos,19879,89.73
372,2025-08-08,5072,Datos,13806,162.53
373,2025-11-16,5008,Voz,513,159.94
374,2025-04-01,5004,SMS,286,341.86
375,2026-08-04,5015,SMS,150,46.16
376,2026-08-08,5056,Datos,1650,258.07
377,2025-07-22,5068,Voz,403,275.01
378,2026-03-24,5030,Datos,8816,95.01
379,2026-08-11,5006,SMS,115,337.93
380,2025-06-01,5053,Datos,14146,250.19
381,2026-05-19,5002,Voz,68,240.37
382,2025-08-02,5019,Voz,368,266.6
383,2026-06-16,5001,Voz,22,132.23
384,2025-04-24,5038,SMS,123,214.46
385,2025-04-03,5001,SMS,291,42.9
386,2025-04-05,5016,Datos,759,134.88
387,2025-07-26,5081,Voz,241,326.87
388,2025-02-15,5075,SMS,236,136.18
389,2025-03-26,5070,SMS,279,330.01
390,2025-09-08,5071,Datos,8455,14.7
391,2025-09-13,5003,SMS,113,152.38
392,2025-04-09,5013,SMS,43,183.43
393,2026-01-14,5011,Datos,19797,243.16
394,2025-06-03,5043,SMS,159,340.49
395,2026-01-07,5025,SMS,36,71.61
396,2026-04-03,5031,Datos,13472,112.92
397,2025-10-07,5074,SMS,298,302.2
398,2025-03-01,5056,Datos,1759,192.91
399,2025-04-04,5035,SMS,277,241.21
400,2025-10-23,5020,Voz,228,338.87
401,2025-12-21,5020,Datos,1104,175.53
402,2026-04-24,5009,Datos,10642,79.98
403,2025-06-13,5046,SMS,160,332.89
404,2025-10-29,5029,Datos,571,30.97
405,2025-12-06,5080,Voz,574,37.96
406,2025-12-02,5015,SMS,91,121.41
407,2025-03-04,5003,Datos,3750,162.89
408,2026-02-23,5023,Voz,57,8.72
409,2025-05-27,5011,Voz,576,160.67
410,2026-08-05,5004,Voz,180,257.39
411,2025-05-09,5081,Datos,11497,10.76
412,2026-03-16,5034,SMS,255,152.61
413,2025-02-17,5042,Voz,265,339.74
414,2026-03-06,5040,SMS,226,345.66
415,2025-04-01,5082,Datos,825,116.85
416,2026-05-19,5001,Datos,6717,295.95
417,2025-03-27,5034,Voz,359,172.16
418,2025-04-14,5053,SMS,163,262.43
419,2025-01-04,5017,Datos,12919,178.53
420,2025-06-06,5054,SMS,205,299.65
421,2026-03-29,5036,Voz,453,178.97
422,2025-03-24,5035,SMS,240,232.01
423,2025-02-07,5075,Voz,213,144.77
424,2026-05-10,5014,SMS,290,347.7
425,2025-08-03,5019,Voz,241,108.01
426,2025-06-06,5040,SMS,281,331.64
427,2025-12-31,5020,Voz,345,57.69
428,2025-10-11,5033,SMS,205,280.46
429,2025-07-20,5083,Voz,127,191.57
430,2025-01-03,5011,SMS,128,300.08
431,2026-08-24,5055,Voz,315,276.24
432,2026-06-14,5065,SMS,271,97.39
433,2025-09-23,5054,SMS,208,303.23
434,2025-07-06,5003,Datos,3302,32.34
435,2025-07-10,5048,Datos,9142,86.87
436,2026-06-25,5004,Voz,412,148.65
437,2026-01-30,5031,Datos,3293,18.98
438,2025-04-18,5008,Voz,168,208.34
439,2025-10-10,5071,SMS,46,11.84
440,2025-09-04,5002,Voz,305,37.87
441,2026-07-23,5089,Datos,19324,145.52
442,2025-02-22,5014,SMS,182,252.75
443,2026-06-21,5034,Voz,596,115.37
444,2026-03-25,5047,Voz,124,119.58
445,2026-04-29,5044,SMS,12,322.96
446,2026-04-28,5072,SMS,2,48.59
447,2025-04-25,5060,SMS,240,330.95
448,2025-04-24,5014,Datos,18106,272.83
449,2025-09-15,5061,Voz,133,168.65
450,2025-08-21,5016,SMS,174,14.59
451,2025-10-21,5054,SMS,94,191.69
452,2026-04-22,5087,SMS,181,303.56
453,2025-10-28,5065,Voz,16,68.36
454,2025-05-05,5018,Voz,405,137.05
455,2026-04-12,5005,Datos,18072,91.22
456,2026-01-01,5086,Datos,12745,23.67
457,2026-01-09,5080,SMS,296,244.1
458,2026-02-21,5019,Voz,330,313.18
459,2025-01-10,5019,Datos,145,76.55
460,2025-10-16,5047,Voz,536,297.06
461,2026-08-15,5090,SMS,114,48.37
462,2025-01-25,5070,Datos,2162,4.07
463,2025-01-16,5014,SMS,39,111.08
464,2025-03-14,5030,Voz,151,132.28
465,2026-02-18,5047,SMS,149,249.66
466,2026-07-18,5032,Voz,338,32.2
467,2026-05-26,5001,Datos,3883,147.5
468,2025-05-06,5020,Datos,19177,112.36
469,2025-05-21,5032,SMS,57,191.33
470,2025-05-18,5010,Datos,10798,82.36
471,2025-12-16,5048,SMS,51,127.12
472,2025-06-14,5020,Datos,19614,79.87
473,2026-03-22,5050,Voz,158,265.55
474,2025-05-25,5048,Datos,15158,13.32
475,2025-07-28,5009,Datos,896,21.87
476,2025-09-27,5065,Datos,11851,264.27
477,2025-08-10,5062,SMS,32,34.65
478,2025-07-10,5041,Datos,17370,311.09
479,2026-04-16,5038,Voz,309,235.27
480,2025-12-07,5050,Voz,166,91.22
481,2026-04-07,5051,SMS,76,65.48
482,2026-03-15,5067,Datos,14703,88.11
483,2026-05-05,5002,Datos,6779,330.99
484,2026-05-03,5027,Datos,17973,146.44
485,2026-03-18,5018,Datos,7140,252.85
486,2025-09-27,5061,SMS,16,181.2
487,2025-12-09,5067,Datos,5780,273.17
488,2026-06-22,5031,Datos,11366,330.28
489,2026-03-05,5078,Voz,486,259.9
490,2025-01-10,5042,SMS,132,110.34
491,2025-03-01,5088,SMS,231,257.99
492,2025-12-19,5065,SMS,174,89.51
493,2025-09-23,5056,Voz,29,51.93
494,2026-04-12,5024,Datos,13188,255.16
495,2026-05-09,5024,Voz,181,36.6
496,2025-05-04,5010,Datos,16060,339.06
497,2025-06-11,5014,Datos,1875,216.07
498,2026-07-20,5070,Datos,9469,141.75
499,2025-04-17,5071,Voz,34,292.52
500,2025-07-11,5075,Voz,213,10.84
501,2025-01-15,5024,SMS,282,33.93
502,2025-03-21,5035,Voz,408,21.66
503,2025-01-20,5070,Voz,74,322.6
504,2025-12-17,5011,Datos,14604,240.0
505,2025-07-09,5005,Datos,6498,144.94
506,2026-08-15,5059,Voz,260,78.74
507,2026-03-31,5015,Datos,18455,151.91
508,2026-07-31,5031,SMS,114,11.86
509,2025-12-25,5051,Datos,1995,215.72
510,2025-08-19,5079,SMS,113,44.96
511,2025-03-31,5090,Voz,506,56.44
512,2025-02-18,5074,Voz,397,104.81
513,2026-03-06,5073,Datos,4111,158.67
514,2026-07-21,5083,Datos,14865,225.76
515,2025-01-24,5046,Voz,501,158.7
516,2025-01-03,5001,SMS,155,146.83
517,2025-02-15,5064,Datos,712,191.2
518,2025-02-17,5086,SMS,88,58.48
519,2025-10-14,5010,Datos,7806,91.04
520,2025-06-10,5074,Voz,599,122.3
521,2025-06-21,5025,Voz,212,86.02
522,2025-12-19,5009,Voz,158,298.8
523,2025-12-03,5008,Voz,232,278.78
524,2026-06-01,5088,Voz,232,284.7
525,2025-07-17,5072,Datos,6346,306.36
526,2025-05-16,5038,Voz,404,3.03
527,2025-08-25,5069,Voz,356,43.3
528,2025-02-28,5035,Datos,5299,155.79
529,2025-02-27,5043,SMS,69,41.71
530,2026-05-08,5032,Datos,6491,161.2
531,2025-01-16,5076,Datos,5245,134.68
532,2026-04-04,5077,Datos,18559,119.99
533,2026-04-03,5013,SMS,203,27.07
534,2026-02-15,5030,Voz,494,45.27
535,2026-06-05,5055,Datos,10437,220.53
536,2025-01-27,5052,Datos,3372,311.68
537,2025-01-05,5055,Voz,460,200.09
538,2025-05-21,5021,SMS,162,95.03
539,2025-08-24,5025,Voz,109,301.09
540,2025-08-03,5046,Voz,326,252.07
541,2025-09-01,5018,Voz,596,233.33
542,2025-05-24,5007,SMS,237,91.69
543,2025-06-07,5078,Voz,384,339.78
544,2026-07-07,5065,SMS,165,277.03
545,2026-05-10,5076,Voz,8,172.68
546,2025-08-02,5056,Datos,18828,308.28
547,2025-04-08,5022,SMS,182,125.61
548,2026-07-10,5080,Voz,170,233.1
549,2026-05-31,5056,Datos,17032,275.07
550,2026-07-09,5046,SMS,99,60.54
551,2026-02-19,5042,SMS,70,276.09
552,2026-05-09,5003,SMS,204,44.3
553,2025-11-23,5075,Voz,372,258.12
554,2025-06-12,5011,SMS,285,60.83
555,2025-12-28,5045,Voz,109,255.4
556,2026-04-03,5085,SMS,154,60.65
557,2025-04-03,5053,Voz,258,297.95
558,2025-10-22,5022,Voz,252,199.62
559,2026-02-08,5023,SMS,214,60.0
560,2026-02-13,5089,Datos,4404,0.59
561,2025-07-18,5044,Voz,595,65.2
562,2025-03-18,5062,Datos,615,17.94
563,2025-07-25,5011,SMS,190,188.79
564,2025-04-06,5023,Voz,165,30.85
565,2026-03-06,5076,Voz,392,337.8
566,2025-11-25,5068,Voz,473,140.29
567,2026-03-23,5052,Voz,429,304.67
568,2025-01-11,5051,Datos,17227,5.65
569,2025-10-05,5042,Voz,475,148.57
570,2025-07-30,5057,Datos,7306,344.07
571,2025-10-17,5026,Datos,408,249.54
572,2026-02-03,5056,Datos,6556,122.46
573,2026-04-21,5037,Voz,202,164.72
574,2025-02-02,5050,SMS,216,147.99
575,2025-07-04,5089,Voz,258,218.47
576,2025-12-02,5006,Datos,2277,300.49
577,2025-03-30,5013,SMS,11,292.64
578,2025-11-03,5064,SMS,89,244.22
579,2026-04-01,5006,Voz,294,108.02
580,2025-10-03,5035,Voz,509,121.2
581,2025-09-19,5043,Voz,514,157.3
582,2026-01-14,5002,Voz,368,261.0
583,2025-02-12,5049,Voz,429,98.67
584,2025-09-30,5060,Voz,203,22.6
585,2025-12-12,5002,Voz,348,219.22
586,2026-02-05,5041,Datos,5715,254.28
587,2025-08-14,5031,Datos,1066,167.2
588,2026-05-16,5010,Datos,1636,296.33
589,2026-04-12,5082,Datos,9621,177.06
590,2025-02-22,5067,Datos,6956,138.96
591,2026-03-02,5049,Voz,556,90.11
592,2026-02-18,5054,Datos,12705,193.93
593,2026-01-17,5009,Datos,2856,285.86
594,2026-04-09,5078,SMS,77,166.64
595,2026-06-14,5090,Voz,591,108.17
596,2025-01-21,5006,SMS,198,101.87
597,2025-12-12,5031,Datos,14038,314.85
598,2026-03-12,5030,SMS,137,207.45
599,2026-03-27,5032,Voz,28,233.22
600,2025-05-19,5003,Datos,3941,64.47
601,2025-10-15,5024,Datos,15578,271.75
602,2026-06-04,5079,Voz,525,151.1
603,2026-02-01,5028,SMS,24,165.02
604,2025-06-23,5027,SMS,156,243.88
605,2025-01-25,5089,SMS,205,259.79
606,2026-08-08,5041,SMS,155,48.75
607,2026-07-29,5016,SMS,135,148.19
608,2025-01-31,5090,Voz,559,142.79
609,2025-06-16,5027,Voz,63,202.47
610,2026-08-19,5087,Voz,486,62.47
611,2025-06-13,5066,SMS,275,171.94
612,2025-08-27,5072,Voz,429,162.55
613,2025-11-12,5059,SMS,217,213.96
614,2025-07-31,5022,Datos,5169,251.43
615,2025-12-01,5076,SMS,122,106.22
616,2026-01-03,5082,SMS,145,271.39
617,2025-07-03,5079,Datos,878,22.7
618,2026-01-12,5044,SMS,2,90.83
619,2026-07-29,5078,SMS,119,319.41
620,2025-03-19,5036,SMS,76,163.33
621,2025-01-06,5069,Voz,425,135.53
622,2025-12-18,5049,SMS,59,309.12
623,2025-09-16,5068,SMS,195,308.93
624,2025-12-03,5075,SMS,48,1.01
625,2025-06-09,5058,Voz,118,144.59
626,2025-02-01,5039,Voz,457,179.86
627,2025-06-13,5070,Voz,531,141.04
628,2025-10-31,5068,Voz,425,291.61
629,2025-05-31,5068,Datos,631,180.96
630,2026-04-24,5085,SMS,95,221.16
631,2026-03-10,5012,Voz,430,328.0
632,2026-04-29,5088,Voz,395,142.45
633,2025-05-17,5017,Voz,571,294.31
634,2025-06-29,5031,SMS,30,348.0
635,2025-08-12,5054,Voz,271,114.46
636,2026-06-19,5077,Datos,8293,238.32
637,2025-10-30,5063,Voz,84,283.77
638,2025-08-09,5085,Voz,306,143.03
639,2026-04-15,5003,SMS,115,127.8
640,2026-04-08,5002,Voz,565,142.07
641,2025-05-16,5008,Voz,386,321.44
642,2025-11-12,5038,Voz,385,15.19
643,2025-03-23,5046,Voz,436,245.12
644,2026-02-14,5057,Datos,534,289.56
645,2025-12-27,5035,SMS,61,306.06
646,2026-01-14,5073,Datos,8152,97.12
647,2025-08-25,5052,Datos,6475,150.05
648,2026-02-22,5049,Datos,19803,99.65
649,2026-08-04,5010,Voz,382,285.9
650,2025-07-10,5086,Voz,139,211.89
651,2025-05-12,5050,Voz,170,4.37
652,2026-08-21,5054,Datos,14868,143.16
653,2026-07-16,5025,Datos,19998,87.16
654,2026-06-12,5042,SMS,285,162.66
655,2025-01-13,5064,Datos,12196,105.74
656,2026-06-20,5032,Datos,5658,331.66
657,2025-07-24,5033,SMS,168,211.29
658,2026-02-17,5025,SMS,65,3.94
659,2026-04-23,5001,Voz,297,325.52
660,2025-02-04,5019,SMS,117,304.81
661,2025-01-18,5073,Voz,223,71.84
662,2026-04-27,5074,Datos,4991,46.77
663,2026-01-28,5076,SMS,168,104.34
664,2025-12-04,5086,SMS,6,217.57
665,2025-08-28,5084,Voz,57,118.22
666,2026-03-15,5030,Voz,584,213.22
667,2025-05-09,5014,SMS,206,320.42
668,2026-07-01,5073,SMS,206,46.53
669,2025-01-03,5001,Voz,486,157.28
670,2026-08-09,5053,Datos,17243,116.96
671,2025-09-11,5062,Voz,298,278.49
672,2025-11-22,5040,Datos,3950,79.33
673,2026-02-19,5010,SMS,162,34.38
674,2025-06-23,5007,Datos,16249,26.11
675,2026-08-13,5045,Voz,232,266.75
676,2025-03-14,5023,Voz,151,206.98
677,2025-02-11,5067,Datos,6881,66.86
678,2025-10-21,5024,Datos,9014,192.71
679,2026-03-31,5001,Datos,14132,262.55
680,2025-03-09,5069,Datos,7389,323.09
681,2025-03-20,5001,SMS,165,272.2
682,2026-01-01,5078,Voz,483,31.9
683,2025-03-22,5089,Voz,171,94.16
684,2026-07-26,5050,Voz,262,278.28
685,2025-03-22,5066,Voz,353,255.26
686,2026-02-06,5013,Datos,8539,234.34
687,2026-05-19,5032,SMS,25,287.53
688,2025-01-13,5001,Voz,292,251.03
689,2025-01-19,5041,Datos,17681,348.06
690,2025-03-25,5032,SMS,92,281.59
691,2026-02-08,5004,SMS,196,269.25
692,2026-07-22,5006,Voz,527,140.07
693,2026-07-08,5036,SMS,274,4.85
694,2025-04-03,5051,Datos,19926,339.8
695,2025-07-28,5049,Datos,19672,252.97
696,2025-02-26,5044,SMS,103,326.42
697,2026-05-31,5078,Datos,8640,317.81
698,2026-07-26,5007,Datos,1395,169.3
699,2025-04-05,5006,SMS,61,189.53
700,2025-04-05,5089,SMS,41,70.29
701,2025-12-10,5019,Datos,3286,188.22
702,2025-06-16,5071,Datos,1542,280.22
703,2025-02-03,5031,Voz,123,103.7
704,2025-11-18,5059,SMS,10,79.45
705,2025-10-07,5061,SMS,245,127.49
706,2025-05-21,5036,Datos,1859,321.53
707,2026-02-04,5026,Voz,455,261.19
708,2025-10-06,5080,SMS,296,147.72
709,2025-07-04,5063,Datos,4335,87.24
710,2025-08-26,5090,SMS,187,341.69
711,2025-11-05,5018,SMS,274,6.25
712,2025-08-10,5048,Datos,14694,317.44
713,2026-02-07,5067,Datos,10835,83.16
714,2026-01-15,5051,Datos,14221,15.88
715,2025-01-09,5068,SMS,137,218.53
716,2025-05-02,5076,Voz,12,345.96
717,2026-01-09,5008,SMS,74,47.77
718,2026-04-17,5078,Datos,5180,265.06
719,2026-08-12,5073,Datos,7579,227.42
720,2026-03-17,5024,Datos,1624,15.53
721,2025-09-21,5060,Datos,9676,284.06
722,2025-10-20,5081,SMS,164,261.63
723,2026-06-11,5078,Datos,10794,32.15
724,2026-02-03,5072,Voz,575,122.08
725,2025-12-05,5045,SMS,145,139.65
726,2025-06-02,5052,Voz,172,43.61
727,2026-01-25,5079,Datos,10319,4.72
728,2026-07-09,5053,Voz,431,148.36
729,2026-03-08,5058,Voz,304,315.68
730,2025-03-06,5052,Voz,135,128.41
731,2025-01-05,5047,Voz,73,24.21
732,2025-04-07,5030,SMS,255,110.95
733,2025-03-05,5007,Datos,14420,131.01
734,2025-09-09,5023,Datos,2460,206.96
735,2026-01-20,5040,Datos,8695,339.04
736,2026-08-21,5047,Voz,100,19.52
737,2026-08-13,5059,Voz,587,186.27
738,2025-08-08,5056,SMS,298,150.67
739,2025-11-27,5050,Voz,568,249.86
740,2026-07-15,5064,Datos,15074,334.22
741,2025-09-06,5048,SMS,96,347.84
742,2025-09-29,5089,Datos,2907,85.9
743,2025-06-17,5001,SMS,96,9.42
744,2025-07-14,5047,Datos,7927,297.68
745,2025-08-04,5019,SMS,69,198.15
746,2026-07-29,5052,Datos,1309,322.59
747,2026-01-21,5042,Voz,168,216.25
748,2026-03-26,5076,SMS,85,165.95
749,2025-12-13,5031,SMS,274,228.27
750,2026-08-13,5006,Voz,245,33.33
751,2025-08-22,5089,Voz,67,266.52
752,2025-08-06,5023,SMS,71,336.55
753,2025-06-02,5064,SMS,269,311.37
754,2025-03-28,5002,SMS,165,115.23
755,2025-02-28,5035,SMS,200,320.24
756,2025-07-26,5057,Datos,18626,193.11
757,2025-10-19,5029,Voz,31,344.65
758,2025-06-04,5028,SMS,222,319.81
759,2025-07-28,5064,Datos,15299,328.76
760,2026-02-16,5054,SMS,204,325.04
761,2026-07-26,5062,Voz,454,126.85
762,2025-06-23,5031,Datos,10980,218.55
763,2026-04-30,5039,Voz,295,276.98
764,2025-10-04,5039,SMS,254,6.97
765,2025-06-21,5083,Datos,12021,150.1
766,2026-03-17,5054,Voz,381,290.73
767,2026-06-05,5002,Voz,251,231.99
768,2025-03-14,5046,SMS,211,99.31
769,2026-08-24,5058,Datos,19498,73.5
770,2026-07-09,5067,Voz,585,247.97
771,2026-03-14,5077,Voz,264,12.52
772,2025-08-01,5080,Datos,466,50.45
773,2025-05-15,5054,Datos,7094,260.98
774,2025-04-14,5076,Datos,3324,55.35
775,2025-12-04,5071,SMS,54,215.76
776,2025-01-05,5072,Datos,8241,245.08
777,2025-05-21,5024,SMS,84,318.41
778,2025-06-26,5076,SMS,154,289.44
779,2026-06-01,5082,Voz,350,243.78
780,2025-05-12,5009,SMS,73,72.16
781,2025-12-04,5068,SMS,30,230.21
782,2026-01-29,5038,Voz,398,244.29
783,2026-02-15,5026,SMS,190,107.43
784,2025-01-26,5074,SMS,201,263.69
785,2026-08-04,5042,SMS,138,271.38
786,2026-04-01,5050,Voz,555,54.38
787,2026-08-11,5051,Voz,52,308.08
788,2025-01-08,5054,Voz,394,35.09
789,2026-02-21,5042,Datos,14734,332.9
790,2025-12-02,5043,Datos,13062,263.19
791,2025-09-18,5046,Datos,3273,164.86
792,2026-06-21,5036,Voz,8,156.52
793,2025-02-28,5067,Datos,4352,125.42
794,2025-04-20,5054,Datos,8368,54.29
795,2026-04-29,5033,Datos,2252,326.57
796,2026-02-21,5001,Voz,207,319.3
797,2026-04-27,5055,Voz,525,303.61
798,2025-07-18,5009,Datos,8034,16.43
799,2026-06-09,5080,Datos,5043,225.22
800,2026-07-08,5008,Voz,47,214.21
801,2025-03-12,5069,Voz,32,74.8
802,2025-03-09,5086,SMS,222,288.37
803,2025-05-19,5061,SMS,250,294.32
804,2025-08-03,5044,Voz,569,127.22
805,2025-11-22,5079,Datos,432,320.07
806,2025-11-03,5060,Voz,363,345.76
807,2026-08-10,5002,SMS,115,88.3
808,2025-05-24,5003,Datos,17974,230.42
809,2025-05-31,5056,Voz,173,227.91
810,2025-05-24,5006,Voz,93,116.58
811,2025-11-16,5036,SMS,98,54.17
812,2026-04-28,5030,Voz,578,100.35
813,2025-04-27,5056,Datos,19978,229.88
814,2025-06-12,5009,SMS,268,70.91
815,2026-06-17,5065,SMS,164,305.89
816,2026-03-07,5090,SMS,293,56.13
817,2026-01-05,5083,Voz,173,253.04
818,2026-03-07,5049,SMS,236,293.61
819,2025-07-17,5038,SMS,228,245.08
820,2025-03-30,5050,Datos,19345,130.35
821,2025-06-03,5068,Voz,480,103.57
822,2025-11-16,5019,Datos,11138,145.3
823,2025-08-30,5071,SMS,79,47.16
824,2026-05-30,5019,Voz,486,331.07
825,2026-08-10,5004,Voz,176,20.29
826,2025-02-26,5055,Datos,17766,235.05
827,2025-11-27,5071,Datos,14636,246.29
828,2025-11-18,5010,SMS,255,110.2
829,2025-02-10,5076,SMS,277,295.13
830,2026-08-21,5027,Datos,2173,23.15
831,2025-11-06,5064,SMS,298,129.67
832,2026-07-18,5078,SMS,208,73.93
833,2025-07-30,5034,SMS,211,184.03
834,2025-06-04,5020,Voz,491,83.61
835,2025-01-29,5052,SMS,59,221.4
836,2025-04-13,5043,SMS,280,54.56
837,2025-04-11,5073,SMS,199,179.0
838,2026-02-02,5018,Voz,501,250.49
839,2026-08-24,5077,Voz,122,46.62
840,2026-07-21,5062,Voz,569,212.54
841,2025-11-08,5030,Voz,282,212.81
842,2026-03-07,5059,Voz,249,172.05
843,2025-07-15,5059,SMS,116,118.74
844,2025-08-30,5089,Datos,15953,259.04
845,2025-12-04,5022,SMS,166,119.42
846,2026-01-02,5006,SMS,17,44.88
847,2026-06-13,5012,SMS,114,96.21
848,2026-06-06,5036,Datos,10197,188.32
849,2026-05-10,5014,Voz,319,332.87
850,2025-11-27,5084,SMS,117,297.87
851,2025-11-29,5026,Datos,14548,219.91
852,2026-03-25,5051,SMS,299,307.48
853,2025-05-26,5058,SMS,28,81.63
854,2026-06-09,5039,SMS,219,102.53
855,2025-08-26,5053,Datos,9616,286.88
856,2025-03-09,5055,SMS,12,151.49
857,2026-05-26,5018,SMS,112,177.36
858,2026-01-10,5027,Voz,364,158.83
859,2025-04-17,5021,SMS,120,178.41
860,2026-08-02,5072,SMS,70,290.54
861,2025-08-21,5043,SMS,84,79.71
862,2026-07-18,5039,Voz,385,121.76
863,2026-02-03,5033,SMS,222,8.88
864,2026-04-28,5060,Voz,308,248.3
865,2026-01-01,5050,Voz,126,190.9
866,2026-03-11,5084,Voz,499,22.74
867,2025-03-20,5001,Datos,5295,180.01
868,2025-10-21,5013,Datos,18082,311.99
869,2026-01-31,5013,Voz,308,244.82
870,2026-05-14,5008,SMS,105,283.9
871,2026-07-03,5037,Voz,132,142.07
872,2025-06-05,5086,SMS,15,148.95
873,2026-01-29,5082,Datos,18847,247.62
874,2026-01-22,5024,Voz,572,158.62
875,2026-03-22,5016,SMS,212,333.42
876,2025-10-12,5001,Voz,321,61.28
877,2025-10-03,5005,Voz,132,214.99
878,2026-03-10,5070,Voz,75,194.03
879,2026-05-01,5054,Datos,530,302.55
880,2025-10-10,5079,Voz,336,285.08
881,2025-08-05,5016,Datos,882,86.24
882,2026-01-05,5045,Voz,469,152.28
883,2026-07-17,5040,Voz,386,134.61
884,2026-08-05,5063,Voz,389,204.8
885,2026-08-20,5046,SMS,183,265.4
886,2025-09-27,5082,Voz,498,284.26
887,2026-07-15,5039,SMS,111,113.52
888,2025-08-02,5023,SMS,33,291.19
889,2026-05-08,5035,Datos,18001,49.67
890,2025-11-04,5069,SMS,1,164.35
891,2025-10-10,5031,Voz,68,132.6
892,2026-08-18,5090,Voz,383,290.4
893,2026-04-14,5020,Datos,3751,184.33
894,2025-05-18,5060,SMS,33,306.26
895,2025-10-20,5002,Datos,19110,85.73
896,2026-06-11,5064,SMS,49,68.41
897,2025-03-03,5090,SMS,27,35.42
898,2025-11-16,5090,SMS,44,72.54
899,2025-08-23,5011,Datos,2128,151.88
900,2026-05-13,5069,Datos,3405,279.55
